,11,12,13,14,16,17,18,19,20,21,22,24,26,29,31,32,35,36,37,38,40,41,42,43,45,46,48,49,50,52,53,54,55,56,57,58,59,61,62,63,64,65,66,67,69,70,72,74,79,80,81,82,83,84,85,86,89,90,91,92,93,94,95,97,99,101,102,103,104,105,106,108,109,110,111,113,114,115,116,117,118,119,120,121,123,125,126
11,0.0,0.19177551146041383,-0.018852368818149074,0.17360138409312953,-0.02782194089391335,-0.19904584487694385,-0.08287088976456174,-0.10105869229375396,-0.23468430016749947,-0.07741750894519323,0.05787094512632659,0.2708967354546962,-0.18866372359412503,-0.14389659774406566,0.09734148715555462,0.08288034364104595,-0.14281403464098888,0.11067643601503122,-0.11281570121935901,0.1830232634984082,-0.18801861607622045,-0.03287375631652647,0.09284167374678694,-0.23569512669441595,0.004791951722510756,0.18714669942746245,-0.19259431008387773,-0.09126622951780708,0.0624892232639393,0.25379689249617193,-0.0927947810576784,-0.16138713496155394,-0.09631476744899842,0.10235696001181692,-0.15443078639573504,0.009483273220270403,0.0006167333564393679,-0.09119136310928025,-0.15723914208963827,0.10894444562848844,-0.032676555707931716,0.1687035950933847,-0.14550343095936305,-0.03256057136216068,0.046175009810401235,0.23893436282649716,0.10348203555521136,0.04004456413497648,-0.25051898556123486,-0.10331240194206864,-0.17822543356784665,-0.23358137777409185,-0.20694230833811286,-0.282563034293041,-0.03326532009017438,-0.01597890050035701,-0.19540405325863408,0.19987912059122395,0.2973887161372566,0.0037972688015686044,-0.027954048411693175,0.018688559586098132,-0.17115878793011222,-0.24194318929361736,0.08629104841720625,0.33681839139431136,-0.1425896027845505,0.04990347523339738,-0.07702099734109101,0.024840038517923917,0.1348495427017492,-0.0872762216989804,0.0742761478260297,-0.1597784176218526,0.18609856468347555,0.3481245774557193,-0.18660840499718623,0.2729439295289211,0.03662370201995744,-0.036903755591944205,-0.31941640604636445,0.14017787178665767,-0.2257219953762666,0.2772205885824999,0.0344713632758489,0.08792294535003217,0.2435931262927001
12,0.19177551146041383,0.0,0.020512586176071775,-0.13457605237169867,-0.08098373099769327,-0.2117045860110594,-0.14183953413563005,0.23106009061610783,-0.10495259622184087,-0.04469223964684835,0.084013351064178,-0.05243699451038976,-0.005963377682717477,-0.26743792823914675,0.13604896451199094,-0.199576864110383,-0.07141514405537769,-0.11668657642960141,-0.17750488672340933,0.16330554167378603,0.14336651353269764,-0.2992594471499973,0.2744773294560351,-0.12061592677150555,0.0035093527531254677,0.0010217078775923653,-0.07622024566552497,-0.22185616699414681,-0.12012181469348764,-0.056970750842468276,-0.1184139775850636,-0.1357661748931131,-0.12571697178323207,0.11471033589439715,-0.13333999504806052,-0.09129282222751302,0.15880155265098092,-0.1764753196655346,-0.2612797561551937,0.01858263697461795,0.2575677802752682,0.31512493949315545,-0.16977640302742758,0.12141788513399028,0.10054819766387334,0.1608697267008508,0.30320137759744886,-0.028605253140232788,-0.022195207745679783,-0.04830613932050839,-0.19716544720887572,-0.33578763479773077,-0.18936282751010539,-0.14588584578005245,-0.10828399287579558,0.025093225205248124,-0.14306677670247994,0.1550766300309512,0.28622059481896783,0.20577978674576877,-0.32299650248189354,-0.07622842669453218,-0.1486473657416661,-0.13248569981242853,-0.07800415881739198,0.03084315789351151,0.0686073932423861,0.06485181874242257,-0.03408779468712948,0.030630517552043563,0.1963258933054116,0.1737195203337957,0.1977165042384439,-0.032962382297138486,-0.14201035707948753,0.12044163877925915,-0.24908123228846182,0.06871535378064954,0.19899089732601877,-0.17881734717384423,0.13016937619104743,0.1632934697352851,0.10478124455676201,0.2161730841491417,0.29946465154052754,-0.21004964577512833,0.07572964409463469
13,-0.018852368818149074,0.020512586176071775,0.0,-0.05170453546036366,-0.20383832511262223,-0.11966451364965205,0.01827268342201014,0.25536568252988917,0.03433669395179946,0.07079403678419625,-0.18715167031595561,0.07389596705114711,0.0826941269362037,0.27954581080163315,-0.2598071509285072,-0.12037734553271644,0.021893066971766493,-0.15367186899796428,0.020869382023340623,0.3928157549407784,-0.035728569068156864,-0.058272388150014516,0.016764393336251838,0.1650015443569509,-0.0967858224779801,0.09590830099875945,-0.023426060263455253,0.08318385514956163,-0.13939285447917818,-0.0655900911893045,-0.2058140333083739,-0.06793710247655133,-0.09444668314884051,0.16667381259211145,-0.09745304603953787,-0.11027123428854965,0.10902955496849258,0.11070366861465385,-0.24322013694714684,-0.28749366370526874,0.06777512000689677,-0.22279376750711893,0.145502801882517,0.06272776630300302,-0.20301635324858233,-0.06759643335276232,0.028022322798279715,0.15997219931154752,0.001172531868443832,-0.15521847357585522,0.18602806477248957,-0.18528478457813635,-0.00706207400623553,-0.023110024135257225,-0.055714681438292675,-0.02918482345246132,0.20716814899065492,-0.0728925762514308,-0.08223675671337805,0.1018713628879818,-0.14065357778447884,0.3003870262624097,-0.27592022744775485,0.15617734548032397,-0.11260318864602785,-0.30694717439045044,-0.14683263857665618,-0.14881331713120566,0.19419426056889644,0.22830563379369914,0.03648499889054226,0.11249269641664782,0.013324470231723194,0.3361304342747596,-0.03795119682467927,0.15755471220492528,0.1918083903192504,-0.003464898228463153,0.10359694252164736,-0.16090022066993845,-0.1751915303670937,-0.16775940356327596,0.05229422540151366,0.1777093975781096,-0.08817006018531212,0.040798400880465276,-0.0552385962389007
14,0.17360138409312953,-0.13457605237169867,-0.05170453546036366,0.0,0.07636427025314653,0.2605810177446292,0.1600545491995025,-0.09543435453720513,-0.3886770943315799,-0.09473282124695544,0.1368001663999913,0.022737583219219915,-0.21164853816859236,-0.12179613196919908,-0.07214636812873522,0.04504723360080828,-0.15203871201858118,-0.03426638120761193,0.21013385723108485,0.0012939421430865684,0.21372483764251254,-0.16909961437245333,0.016539445716496935,0.023086797235071538,-0.10773576098665436,-0.10017939250061743,0.08002241242866409,-0.04990040438382468,-0.0011466182134858287,-0.04301360344248561,-0.0037884780709778443,-0.08792858157248663,0.014105431097858667,-0.16716514922331532,0.06694082570725435,-0.07230666243266833,-0.19900434769650432,-0.10838647670127526,-0.21706872401413058,-0.19393145793584068,-0.03769785747949845,0.1576586611676384,0.025062368200818134,-0.1733346945050782,-0.04067392866357543,0.0003104128485132205,-0.10304156480281242,0.019471548926370867,-0.033731064520212045,-0.3295407885902447,-0.07297579109560852,0.21910118775074122,-0.12521849599569704,-0.02871993509669193,0.17751033719740747,-0.029767906458988722,-0.03435507773648748,0.007746021789652313,0.2203076336124711,0.024238404119542867,0.23515317843598765,-0.04853452741293193,-0.021563637031283965,-0.13108240559261783,0.47898716819217835,0.0487829136454853,-0.03241408558674437,0.2430350082538546,-0.1711532728534706,-0.19067785937733445,-0.1113290075803737,0.10916698517492061,-0.08348509064904185,-0.064691472204876,0.2347433506981982,-0.08210109564764358,-0.13370262302839567,0.19651462324735033,-0.03838993029552542,0.017228376029957124,-0.3070727597860383,0.17467325090694172,-0.057376901280659386,-0.1686469890401295,0.14561778016488916,0.2108083424864589,-0.03069062388132945
16,-0.02782194089391335,-0.08098373099769327,-0.20383832511262223,0.07636427025314653,0.0,-0.09150967863504816,0.09355187482424525,-0.17982363977782176,0.00934067125545788,0.15273220304555354,0.18930223348790942,-0.05783310792336856,0.137629918366982,-0.19392881564327005,-0.19130743106543385,0.1029151436074045,-0.057768047005595055,-0.15012347748558658,0.10823223387839617,-0.042063880814818336,-0.14011235313407697,-0.018517342520803014,-0.25929846175772825,0.0827033965925704,-0.0005244571697677409,0.17534188808395085,-0.1559254241369444,0.03685101980630516,0.29428110315391925,0.09059385662461637,0.08409085368075697,-0.01618262957794413,-0.06108086321243435,-0.14570317865742538,0.251195225494797,-0.03287805636373511,-0.220960644559984,0.11943998429898937,0.011104975983889844,-0.062205217793332795,0.09805337672614874,0.0008329276394833612,0.18876112658637526,-0.042408648996066924,0.14560822425139866,-0.1061263306477567,-0.10025421784283023,0.028422859336155414,-0.17904901970969417,0.030324671365359913,0.15941726015058885,-0.10763622136138191,-0.07830266111640094,0.0586624737935622,-0.10131366402146659,0.14192664106902345,-0.033991581765589855,0.06282859268815379,0.10135972475377723,-0.10706440835257001,0.3096781370742681,-0.15482098465299188,0.34720768543049574,0.0722436049307269,0.16024337056676322,0.018121076349459905,0.0036005363837591634,0.12743304783421017,-0.2113432339074337,-0.13421819098931245,0.17321809207866265,-0.29277161739776925,-0.04923909054267643,0.1881318955617021,0.06858004271527993,-0.06482567566833275,-0.04166108805435747,-0.0206332504687739,0.053704841565777234,-0.12708308500358903,-0.08448720320724452,0.091064340675186,-0.1281523031343303,-0.13599537716231622,0.06219546242354351,-0.1747187002847151,-0.26883241218375725
17,-0.19904584487694385,-0.2117045860110594,-0.11966451364965205,0.2605810177446292,-0.09150967863504816,0.0,0.013410521447613356,-0.12378037482532121,-0.12332598897387095,-0.14463235454244366,-0.14678488023286962,-0.11600859354954929,-0.03129105234986109,-0.05019399473685437,-0.010336848325188074,0.1415420605396729,0.10769605417184286,0.12625931806461893,0.09323130606586111,-0.14402323948273998,0.11730595773915835,0.15459459124366878,0.08113938298437007,0.2212684504494596,0.05933600171359791,-0.0814509305890617,0.015311413670038753,-0.13127666492550602,0.019292820687684748,-0.10138071946104259,0.09092421261035807,0.14236312038428192,-0.08866881077368224,-0.05117243718654285,0.05726965320241213,0.30694027044915956,-0.11064834506226554,-0.1601594034028649,0.15322716241202888,0.03504918469291291,-0.19102185285055015,-0.035232121540455415,0.0538121236356632,-0.1982179298386549,0.015638291047875872,-0.22532313393599446,-0.3346711079490935,0.034040999035411384,0.26121979853389055,-0.04119845163719238,0.018269895026009175,0.30173821679568247,-0.13324676387745454,0.027153888843623145,-0.0905164801600734,-0.18585977847922494,-0.08713240112376087,-0.23067746370448122,0.01643346637011602,-0.06712708933725683,0.029180537393985864,-0.31247381780929534,-0.004437516109909695,0.09841743885760124,0.02892980765949365,0.08769756898270356,0.20457924215564707,0.28023335643939323,-0.020952468981959176,-0.1426243068995209,-0.33976202014049905,-0.13003146840018814,0.08417206435171483,-0.2613775463249407,0.126521814250043,-0.061591888480478134,0.07480752040105057,-0.1784185428999079,-0.20497057961085496,-0.06835113829443847,0.0569814131547258,0.14007030157523206,-0.09448865086087437,-0.09057149693954118,-0.020888318201248306,0.16289390515352314,0.11126172582964375
18,-0.08287088976456174,-0.14183953413563005,0.01827268342201014,0.1600545491995025,0.09355187482424525,0.013410521447613356,0.0,-0.30851562138733585,0.0376340777550067,0.3170973376618983,-0.0236048456357907,-0.18505157185245022,0.03519692937890596,0.01879367164428135,0.05041135837463801,-0.20150989059191146,-0.2463446174734146,-0.1817904279092131,-0.14511641983988385,-0.1482027088783035,0.2423193470724547,-0.1947309388538847,-0.10487703241087999,0.243070506895247,0.13490572064765877,0.10650904245279033,0.06281528276312254,0.24814044670936633,0.02417338625597829,-0.19838051725740544,0.011130531729144237,-0.16333912965422143,-0.22132541049176221,-0.1896365289708708,0.2436484168071382,-0.3330370073962929,0.0775823543354473,0.16443415264386113,0.12998462265958935,9.559104851632235e-06,-0.13706056634729047,-0.114785536225732,0.2542664623993758,-0.08200335905511903,0.20470259559914675,-0.12367311483742026,-0.12067015506419633,0.013043717568332792,0.2821786895407958,-0.006297005303874908,0.19878090676142962,0.21601727392384595,-0.1524987736935312,0.054378078244216234,-0.1933226297385848,0.07986332934574752,0.041929831356834604,-0.14335187368023183,0.05610023353405575,0.03931048773029688,0.09493811976243571,-0.17267623311436248,-0.12197957730530162,-0.032983713340493576,0.13093933965650156,-0.0187610587121602,0.1972322699188105,0.1590552758203394,-0.06202758077674422,0.12079602579023091,0.10443296599368551,0.12018512031330945,0.04396309565163609,0.17956167139673312,0.10510712655685496,-0.2948453988178393,-0.18323552501035156,0.0902419043398168,-0.1298860366495884,0.04434950712747393,-0.1541442471764558,-0.14965907842828574,-0.020015476785514536,-0.2885927504754786,0.14704458894029449,-0.014174937743984928,-0.269221675300509
19,-0.10105869229375396,0.23106009061610783,0.25536568252988917,-0.09543435453720513,-0.17982363977782176,-0.12378037482532121,-0.30851562138733585,0.0,-0.035061782256066286,-0.11467099969030237,-0.10411896108079505,0.06387088418259165,-0.07748552190873315,0.1104567158267635,-0.1031426948679932,-0.061072067971045,0.18197919653887926,0.004051739930591419,0.2364115560053411,0.167236951824999,0.05881937797772809,-0.059720289474859245,0.18862621251068035,0.06303060075040316,0.008709310449438682,-0.1292497677823735,0.13375527850514798,-0.053284228453090596,-0.08918855788172912,-0.022599489812277402,-0.05290766743002719,0.051799129666564275,0.17060935114063835,0.1094667803666492,-0.09642429930924618,0.026272664227880535,0.136437602084843,-0.015370654225501258,-0.16472397869963273,-0.1383032292188891,0.08113748794360132,0.07265048941451994,-0.09128743592913913,0.23175223386567173,0.08710203827318747,-0.09921854260407603,0.13705712269410958,-0.07920775380197707,-0.06737657719283908,-0.2204168180504424,-0.15293851202420644,-0.20767033135718826,0.04534800052228889,0.26074505190861796,0.2827704458282107,-0.06398999148554342,0.22319803252455367,0.023342766758464344,-0.22898235044041548,0.2564411117579713,-0.4200352181957306,0.16297328590306878,-0.13892303028214364,-0.0074474634341673935,-0.20052311581265128,-0.2547373170723221,-0.3647669196898449,-0.11192147576122718,0.1561812368051873,0.11559828620965597,-0.060393026390025466,0.20381532977230774,-0.26329750809147934,-0.008628148696642923,-0.3782166797484386,0.1066478414423425,0.10899874789794571,-0.020313293581417334,-0.15464647698015094,0.07313611566071293,0.08069988937577283,-0.27201482017318007,-0.06291809707034274,0.3929539502168553,0.011850337379523443,-0.2080496936012132,-0.014411713803556749
20,-0.23468430016749947,-0.10495259622184087,0.03433669395179946,-0.3886770943315799,0.00934067125545788,-0.12332598897387095,0.0376340777550067,-0.035061782256066286,0.0,0.14408018699794095,-0.059847847151856405,0.03441547343834073,0.07865830911498223,-0.029181461106271244,0.17268389244912227,-0.3037516057126317,0.08670573491267017,0.09689848900344798,0.10945281299448364,-0.11427527196156546,0.09071904082433704,0.16975368715009495,-0.04674629117151269,-0.036791470121747015,0.027340204459483222,0.07136333293273579,-0.03753556854614363,-0.05717364283498432,0.12490825949773497,-0.16561643799626635,-0.13743389202183415,-0.02287494698464186,-0.01674221633552311,-0.20389233011995123,-0.1121588995061025,-0.09132920243162938,0.05404924504916787,0.1463756708721573,0.025984028744334087,0.050784793676411144,0.0060317871662126194,-0.0399506391214084,-0.0647567452971979,0.253275534248085,-0.05637051756341838,-0.29010425243089855,0.18063493989757043,-0.06878603087335892,-0.05454749377151325,0.13812074092481963,0.16362190934883358,0.2523032197688922,-0.022503636396759952,0.1449294947404814,-0.052019882927156,0.17826946968808716,0.049530522111269126,0.043774460538130965,0.02676166202855611,-0.033808528318040966,-0.14560093774810584,0.27256221249246254,0.2585357546826864,0.021467250170254967,-0.18333966758316986,-0.011864676679326953,-0.09775145288130324,-0.22276058632053686,0.1365198930670628,0.11140808374807015,0.04389068774110067,0.144099920515319,-0.07644113797456586,0.2721091963351998,-0.0328968290232996,-0.28184578201419686,0.058324671946090555,-0.1734710372351669,-0.09880907454369313,-0.19483231324580175,-0.0796610148609421,-0.0220830812700674,-0.012004415596913474,-0.08821092444669922,-0.14502870131865364,-0.08971228465011839,-2.2983575206941878e-05
21,-0.07741750894519323,-0.04469223964684835,0.07079403678419625,-0.09473282124695544,0.15273220304555354,-0.14463235454244366,0.3170973376618983,-0.11467099969030237,0.14408018699794095,0.0,0.17384059894921575,-0.10792457262578986,-0.11210808878306026,-0.07934451528640087,0.07747441241671267,-0.029264374994868936,-0.14207550470624147,-0.1804753086668927,0.007066864243613166,0.16297256081550018,-0.03120806730088832,-0.2853501358712705,-0.21520803409367578,-0.014556328416784056,0.20452331781851096,0.2990243670439543,-0.04904952784468516,0.22359975151781292,-0.24643954137256163,-0.3069355558191661,0.0853690065978613,-0.049832138959673165,-0.1148563770573721,-0.16390700702146532,0.41481060546900494,-0.21755133704080035,-0.10315096641964078,0.13275843532214562,0.010654552340982712,-0.14144478352152412,-0.02260900709047405,-0.2937365923281772,0.09277725480086876,0.29711021297461937,0.19129164479795566,0.14222175250292995,0.05115772875696744,0.03692290208932323,-0.004723364758348377,0.11694831942837065,0.3397168733242642,0.07627139079644421,-0.14573003947210253,0.054163756023762444,-0.04269712946328767,0.12748796836440526,-0.11355686335614024,0.11965591149932905,0.0970195119631093,0.13717216663826773,-0.07531338274217113,-0.01550417333533413,0.01831422617033113,-0.14544754292910914,0.12008116358606127,-0.18425590579256554,-0.15035769763648063,0.06486810377070047,0.07569959668949502,0.24414931534924078,0.17883048409686372,0.06546090879096475,0.10608236100016387,0.3928558049520664,-0.1657109537634761,-0.1102863237358252,0.029488086061898375,-0.09880384396234078,0.014604247737330931,-0.21480301169154578,-0.13341291009019857,-0.22333115826426905,-0.18113366306602932,-0.12253249784690766,0.03836775510620842,0.0010119494796846313,-0.06692052237389211
22,0.05787094512632659,0.084013351064178,-0.18715167031595561,0.1368001663999913,0.18930223348790942,-0.14678488023286962,-0.0236048456357907,-0.10411896108079505,-0.059847847151856405,0.17384059894921575,0.0,-0.0498069958835523,-0.2198403743577149,-0.15190891748525892,0.10928233364341353,0.2119008262475714,0.02049219271982406,-0.18855402902264443,-0.030390639602709,-0.04802990209784091,-0.11577305258665951,-0.1637546235782677,0.03565685136962875,-0.18617723049376314,0.031605898727792375,0.0763567352741109,0.012555552205941541,-0.1563962836931216,-0.034900064983976645,-0.024817297330367864,0.07402685628614891,-0.2443512968502749,-0.12285820463040516,0.0038969008243374043,-0.02007493046893369,0.01995099094285934,-0.23652590542830473,-0.14314973155449343,-0.14208130203034008,0.08616865348402564,0.012491539450147564,0.14867284778097412,-0.27305099120965726,-0.1931855420657971,0.10368152317032678,-0.027820856247962555,0.08783099968294796,-0.07692529856763719,-0.01384907817449066,0.14631968149770347,-0.005264371746969921,-0.06328305175866343,-0.1693056414869563,0.14512282310499663,-0.0663428941075945,0.10106145542688676,0.10147949943585853,0.34873287209852394,0.21030261505815911,0.09548870899124036,-0.12702227447794678,0.10262900276298396,0.09809583999278305,-0.22788176434017385,0.18825885015779606,0.2906622768422963,0.00788528261636345,0.07600305267757411,-0.13986609550284937,-0.004744837464090526,-0.08282437515601164,0.013484411875390557,0.12491926151171458,0.04656199896619511,0.13510443264101768,-0.0045910225498190654,-0.2526149282054674,0.029887636615377914,0.05134426811220305,-0.22573767488009117,-0.023336808326665574,0.11402387924835063,-0.11832516153046663,-0.17267443515255151,0.14656710879760196,-0.16440820196550823,0.07836291104381024
24,0.2708967354546962,-0.05243699451038976,0.07389596705114711,0.022737583219219915,-0.05783310792336856,-0.11600859354954929,-0.18505157185245022,0.06387088418259165,0.03441547343834073,-0.10792457262578986,-0.0498069958835523,0.0,0.012682436163093364,-0.17302303825188375,-0.12418717583450922,-0.045419762185533494,0.056921329338150514,0.1953767806113778,-0.06654054092407452,0.1948344025448024,-0.06664850792621982,0.001734103703981717,-0.023616227632481068,-0.23452497096569694,-0.3018607155094516,-0.08696435640381503,-0.16842174570239066,-0.09461463017259221,-0.091239176771283,-0.03971361669992218,-0.1554333211581418,0.13816707003096018,0.04694296088464947,0.13303043941909612,-0.2174349442992395,-0.013800129165776444,0.03631499690057977,-0.07035339017050393,-0.03747764021006924,-0.10461331302474995,-0.1613263159472042,0.014801130724733522,-0.1690924802280584,0.20275975975673086,-0.11045666814192365,0.12921830921198205,-0.10311401219048769,-0.1428198185496637,-0.03012087244148554,0.17704935141763917,0.15034321671767784,0.02143880176718621,-0.10273337997164543,-0.004040731730645494,0.20981233794040322,0.09785535924601432,-0.17251432550668702,-0.07894840316119657,-0.12599921051066382,-0.005958184549599839,0.06908803686009676,0.0566721060231403,-0.007259365013371279,0.11716294363474042,0.07445343202554482,-0.010166063333507055,0.10882636047558325,-0.1736388839543944,0.04454858217825314,-0.02127674423077137,0.07078348671312075,-0.1711537179791441,-0.1317401617206978,-0.20085938847446677,-0.026687772478472437,0.0043549925131824135,-0.09789712886555413,0.0839532377800646,0.04663819695981889,0.04007941819215958,-0.18004530698859952,-0.12291320972397866,-0.08195413593393715,0.431472221539233,-0.0274177569201934,0.14424933243006924,0.2272197519628375
26,-0.18866372359412503,-0.005963377682717477,0.0826941269362037,-0.21164853816859236,0.137629918366982,-0.03129105234986109,0.03519692937890596,-0.07748552190873315,0.07865830911498223,-0.11210808878306026,-0.2198403743577149,0.012682436163093364,0.0,0.025149094618715968,-0.01131477034822906,-0.06615268612718928,-0.04133536446060342,-0.18406170760731858,0.011121602062986088,-0.0027647664174152327,-0.22466793184837128,0.05839864039685179,-0.2397717950168011,-0.03051816227277568,0.002136144077815884,0.037211395564271985,-0.1637713646339126,-0.0693864577333183,0.1530925433667943,0.05565701337238946,-0.010545320631888488,-0.24489341654012664,0.14353336361939567,0.1255426918283459,-0.1576218395917012,0.10571733072329638,0.10244320667207872,0.05346844969087878,-0.12671370881444097,-0.021861464981356445,-0.11493942101153791,-0.09943489780460503,0.25405606865969416,-0.009785728246465546,-0.16959660689242054,0.0714797599257375,0.024160267081511547,0.06627349341376026,0.15127760640499568,0.04223093352443337,-0.190206783218499,0.024171658156391367,0.08039181442834004,0.02142922456785914,-0.025076034490136116,-0.12610853358122265,0.06789260628605158,-0.12111271443645563,-0.1710942401716729,-0.12089889370438711,0.11187385458595825,-0.03473317311093872,0.03238911867796279,0.18356470628650873,-0.03121942212518738,-0.3003110325086263,0.20978425498909262,0.02701949381767023,-0.06765679820844628,-0.0920957167321186,0.009254771561108929,-0.1724927865006841,-0.03267378229053031,-0.014523479191144368,-0.047746052668445074,0.04976264861523908,-0.11712111493028486,0.10456081732090275,0.3700136721343275,0.15897848589140823,0.1435772275834278,-0.2586852657715145,0.0337386785520708,0.09234786343726403,-0.08653963292190028,-0.0205085183361196,0.01859096545751496
29,-0.14389659774406566,-0.26743792823914675,0.27954581080163315,-0.12179613196919908,-0.19392881564327005,-0.05019399473685437,0.01879367164428135,0.1104567158267635,-0.029181461106271244,-0.07934451528640087,-0.15190891748525892,-0.17302303825188375,0.025149094618715968,0.0,-0.18704790376438385,-0.10902003617596126,0.09853381284305349,-0.13317570726427827,0.0034409861503906466,0.02833129787047771,-0.029376450731842335,0.18261406380122044,-0.05326926911607916,0.2606485059457516,-0.08600671183765424,-0.023427054765592426,0.09475982362530733,0.19329300254808812,-0.14122358239529179,0.12853470499630534,-0.002788673265361748,-0.007801558128691047,0.25839304531719265,0.2167192964028743,0.21467976395470678,-0.029596847838522095,-0.008946356392594496,0.2555279269470354,0.28114167789807265,-0.14531869940045852,-0.14060276284267612,-0.17805759118452594,0.2131152779999781,-0.20693350973453012,-0.18749296293070908,-0.26309803852305835,0.03602773952590447,0.10105091112853835,0.19357763526478897,-0.07579989734555051,0.024553308398148517,-0.034140809324849045,-0.07831575439621805,0.20403901465407756,0.13469847570339188,-0.19556875418230077,0.16441183173624221,-0.32788685080940744,-0.21163362050029824,0.20735565081818264,0.053088099788611606,0.06846299318350858,-0.2545999483305912,-0.03507936311672935,-0.22816003797657045,-0.2515966732955302,0.11781034305175245,-0.160169955209701,-0.031666350242496116,0.12389246423644898,-0.18765231133186142,0.19561350323912155,-0.2062716134373192,0.21739341072624252,0.04499192464164672,-0.08201330834480147,-0.03768379883136412,-0.15206925575778144,-0.16073746828216934,0.1098527133816521,0.026608385360215536,-0.06160226467407257,0.05981793153885044,-0.1380744541893295,-0.15354215477517225,-0.001946569760817146,-0.009399430164182201
31,0.09734148715555462,0.13604896451199094,-0.2598071509285072,-0.07214636812873522,-0.19130743106543385,-0.010336848325188074,0.05041135837463801,-0.1031426948679932,0.17268389244912227,0.07747441241671267,0.10928233364341353,-0.12418717583450922,-0.01131477034822906,-0.18704790376438385,0.0,-0.06951556178818517,-0.19256416493243408,-0.18668774359638393,0.05661052317883536,-0.03253389994165264,-0.108613168180714,-0.02935375368765852,-0.06678398815558277,-0.24316242872867772,0.18305408342912075,0.1794022430189818,0.032479993863865,0.00457656842752359,0.1530036821314011,0.12591503326420303,0.022251958414434555,-0.129698410836329,-0.17249494542318797,-0.1839109163224756,-0.06855372074681791,0.1493446637274351,0.15868016294961623,-0.08765120241886874,-0.044248637538451006,0.2023246738277548,0.007910602134130987,0.19439607023031308,0.06674949237409887,0.22918348753297285,0.04245599580421444,0.12626540137024056,0.19605096989108983,-0.024314577244965562,-0.18642537154724548,-0.21708989711052828,-0.33890477433081384,0.02847767781638376,-0.008372051065947163,-0.11087818391277224,-0.19015937075385014,0.16011385624766858,0.07041575349344512,0.34812171411297166,0.15229750834118483,-0.31483091401688107,-0.20744994935038058,0.14891355703441841,0.08283519594938378,-0.25125129421068104,0.03543930811193376,0.2640013475678396,-0.13546318841883784,0.15184967058734078,-0.014617870082164997,0.1831481280450887,-0.05443686402757558,-0.08992823215705874,0.0871374255836208,0.02207532555330922,-0.27939208299065743,0.00914225118784916,-0.10170667175800056,0.006546368125175201,0.04778218489509024,-0.0938884470526668,-0.0890766609050426,-0.038751928307367324,0.1691874093341057,-0.16995104051842555,0.16996185234279534,-0.06811929475908483,-0.20108426120763065
32,0.08288034364104595,-0.199576864110383,-0.12037734553271644,0.04504723360080828,0.1029151436074045,0.1415420605396729,-0.20150989059191146,-0.061072067971045,-0.3037516057126317,-0.029264374994868936,0.2119008262475714,-0.045419762185533494,-0.06615268612718928,-0.10902003617596126,-0.06951556178818517,0.0,0.018304551808182017,0.180431264152069,0.185003579053854,-0.11067470656000175,-0.27033877680599877,0.14975771387507864,0.100630740178218,-0.13491580080620547,-0.018180159308189146,0.018330691533426063,-0.04231071528591756,0.08471375087510079,0.09201782855801043,0.21939441775108082,0.12395304073520977,-0.07041962499046406,-0.1309590095636293,0.153153931221131,-0.0892438918850771,0.11913960054876527,-0.4506266504275542,-0.03419499031645413,-0.14613535823881244,0.02514457286882675,0.053138422653070706,-0.10483548180327691,0.04030998844573109,-0.1677558533861693,-0.04714204808749715,0.23279661280387937,-0.07549641197342792,-0.1600380021756568,-0.15879359575920526,0.05526704324652948,-0.09467844376693017,0.09004647478370476,0.17508226167483631,-0.0588530163276954,-0.01930225862445306,-0.170560905760151,-0.13699360779394082,0.32709871407755914,0.1371754873557495,-0.17035238529576888,0.11522717514293589,-0.09468917534036543,-0.04454409589481428,0.04143659652593113,0.2123331804190094,0.261875952150458,-0.1288872592949256,0.1197562809990368,-0.0584489671005586,0.13811897353304883,-0.2761323922835105,-0.37416693160544934,0.2008080979360024,-0.12484436870978233,0.10125913552781217,0.14555314418010956,0.09916116679810359,-0.011258470588607735,0.12404172167329981,-0.004747387243707145,0.03678036818757394,-0.004823791429949612,-0.13372934741977435,0.10464409407723396,-0.29996409926134093,0.12709074176068402,0.008361043523140248
35,-0.14281403464098888,-0.07141514405537769,0.021893066971766493,-0.15203871201858118,-0.057768047005595055,0.10769605417184286,-0.2463446174734146,0.18197919653887926,0.08670573491267017,-0.14207550470624147,0.02049219271982406,0.056921329338150514,-0.04133536446060342,0.09853381284305349,-0.19256416493243408,0.018304551808182017,0.0,0.003281106393236782,0.11489802070501347,0.07881472121767338,-0.08859190247766079,0.18802565422427314,0.03735600793271732,0.1579405572205373,-0.20775664486969894,-0.13934393397331515,0.33085254378783385,-0.14659779586486923,0.0234342865907093,-0.22444828288693247,0.0016019721030284312,0.290048073508193,0.03863571413584711,-0.027524001530747806,-0.09302306081438025,-0.05115354619775595,0.06542484697042869,0.03704523888786174,-0.01768289546968126,-0.18748344549340293,0.2564264896520489,-0.177756005091557,-0.06427144293498148,-0.12991165310328012,-0.10215459120239133,-0.17464945959338068,-0.06181000631454647,0.007163449282131327,-0.008899171855131801,-0.18783779847951634,0.040351416548367026,0.0823323456316415,0.3346250284767344,0.08187213571578562,-0.017384142421206606,0.08208208428504632,-0.15218266985928955,-0.06285451490702194,-0.16144017737212993,0.15359589655929456,-0.04598456592494626,-0.05836469368579254,0.009095789779658123,0.17445914613743377,-0.03079907583434295,-0.11883667577316048,-0.20424261217094092,0.07830658198070355,0.09683640333504791,-0.0042890757985112795,0.12736441868926726,-0.17337967949875852,-0.08861215719395528,-0.0780257372213488,-0.1565259280410011,-0.12023317501281398,0.40388615530535393,-0.03288334689011564,-0.12314476376514567,0.09621618443961058,0.20409022366664903,-0.1356206129601654,-0.09179733150612848,0.22910191598408258,-0.1714647679828944,-0.04907051374835139,0.14307504216544495
36,0.11067643601503122,-0.11668657642960141,-0.15367186899796428,-0.03426638120761193,-0.15012347748558658,0.12625931806461893,-0.1817904279092131,0.004051739930591419,0.09689848900344798,-0.1804753086668927,-0.18855402902264443,0.1953767806113778,-0.18406170760731858,-0.13317570726427827,-0.18668774359638393,0.180431264152069,0.003281106393236782,0.0,0.06598660353521163,-0.093944548233905,0.05127168522500518,0.11181962594127155,0.04969290529483776,-0.003653879916462745,0.03304265064571849,-0.08123104753664774,-0.0834884243129826,0.08950971100348284,-0.05492244270685223,0.0771116257525468,0.18555665862908494,0.1887111013679364,-0.012915828706306674,-0.018731365972434175,-0.1409159422951471,0.005158603681280914,-0.062272368127078925,-0.07342691112737802,0.20326259527552692,0.13591943650482868,0.10537730458939959,0.1488750618272818,-0.22563350490511944,-0.030152053780522773,-0.1610650408638868,-0.14082190801658037,-0.21732077476124514,-0.05418472909600334,-0.013760035839559405,0.12036366984632783,0.012582874600111853,0.262381772937301,-0.17275013562032027,0.11330843929108163,0.00700686189778285,0.031000753527103492,-0.08692189569520584,-0.16120637315113398,-0.1592399658627106,-0.07681467661867382,-0.14476664591409352,-0.35542122121537956,0.014166446058329969,-0.0975793758262089,-0.035614788889963694,0.17869259095862208,-0.02745737091580956,-0.06807167619920708,-0.009651653335571633,-0.20618435254788767,-0.21081380642931094,-0.14099424329433863,-0.1864191076078336,-0.40410268134614724,0.08503234284758543,0.0336118200330462,0.08793880318380186,0.045690487200441096,-0.1255948020409091,0.08844400387284217,0.08091456262618994,0.07744388076772356,-0.1361539743093158,-0.005630200994851573,0.06656264815522768,0.17138479677315183,0.06042521382658848
37,-0.11281570121935901,-0.17750488672340933,0.020869382023340623,0.21013385723108485,0.10823223387839617,0.09323130606586111,-0.14511641983988385,0.2364115560053411,0.10945281299448364,0.007066864243613166,-0.030390639602709,-0.06654054092407452,0.011121602062986088,0.0034409861503906466,0.05661052317883536,0.185003579053854,0.11489802070501347,0.06598660353521163,0.0,-0.10248845348889644,-0.006253145955346356,0.06780635618589224,-0.12568993821955657,0.0574874681946093,-0.2795634072006292,-0.0692857358858108,-0.08340283357536851,0.05287000997128837,0.26002561654931206,0.05911027877434767,0.09970025229401608,0.13273742740016664,0.11208268011394182,-0.28627156260345427,0.01639129082615041,0.24799897356198436,-0.13998530138569137,0.012856744429499828,-0.09886263890805579,-0.17733570950413802,-0.09235306607536686,-0.1645488792281431,0.22034326060873952,0.07528602610039746,-0.15798283759761558,0.06619856318375114,0.05244922522620505,-0.03597790864279861,-0.2932837739585901,-0.17679209063351453,-0.04614592868536581,0.1996620276440036,-0.01818953571366365,0.16544851263721191,0.18585701310989547,0.004135679372051228,0.01292846208860931,0.21203758759391358,-0.04171545497432019,-0.06486092123021614,0.01919344361101431,-0.062350718828707366,0.17235319707193217,0.0464127646110611,0.10933214175212969,-0.07567273856509438,-0.28188035429127845,0.15500854752197768,0.061302616605159004,0.13620400496118337,-0.18797487179782046,-0.06534999850135004,-0.2839978837778864,-0.04435391895651461,-0.0052862476843767246,-0.1347245289136176,0.29726098023134345,-0.0032176336141699446,-0.019707037992545844,-0.15445004529225473,-0.1204739926973266,-0.16730670683982152,-0.08081587780188708,-0.10611024319183586,-0.18737105665279088,0.04824317024302165,-0.1827144463184553
38,0.1830232634984082,0.16330554167378603,0.3928157549407784,0.0012939421430865684,-0.042063880814818336,-0.14402323948273998,-0.1482027088783035,0.167236951824999,-0.11427527196156546,0.16297256081550018,-0.04802990209784091,0.1948344025448024,-0.0027647664174152327,0.02833129787047771,-0.03253389994165264,-0.11067470656000175,0.07881472121767338,-0.093944548233905,-0.10248845348889644,0.0,-0.3497555725698676,-0.242733238813295,0.06318704681533585,-0.13224753883787696,0.140009755944716,-0.02262695762257501,-0.06712284492947014,0.0722821582284449,-0.12335421735549303,-0.17137990015444485,0.07018730920838864,0.07977972175773765,0.12981358168849647,0.1138916102006059,0.08221580962294334,-0.17364666303751114,0.003589267488180635,0.09982684574930063,-0.3457573942658531,-0.30239730165109824,0.21932816446066486,0.08925295144728049,0.07074102059890357,0.28972232018330324,-0.15337603877318057,0.13968659045605983,-0.11790476747942051,0.13980961450134383,-0.07433756696945218,-0.040666215593745655,-0.05083844775692208,-0.22215665063702014,-0.09514716182444523,0.0458721445693444,0.0974397632502616,0.0586167019011241,-0.02915622660599594,0.051833545059467835,-0.11921852482749459,0.18017357028953895,-0.10808970812910253,0.2088954231399013,-0.15947184738935397,-0.11862671895854167,0.14083012679435924,-0.28888840239473684,-0.08694701928794629,-0.028887411909040657,0.1432086853767853,0.14621551501025817,0.11929096390210345,-0.037039284477940644,0.15171685534333057,0.28313520740596165,-0.22062238210540056,0.13429978092077255,0.10766404361020951,-0.02700629485931814,0.2192391663624112,-0.1959214864285866,-0.15284602245653703,-0.11633813064344456,-0.14668509434033164,0.10906046557360831,-0.043822146484467035,-0.039541828691441086,-0.08890283799932532
40,-0.18801861607622045,0.14336651353269764,-0.035728569068156864,0.21372483764251254,-0.14011235313407697,0.11730595773915835,0.2423193470724547,0.05881937797772809,0.09071904082433704,-0.03120806730088832,-0.11577305258665951,-0.06664850792621982,-0.22466793184837128,-0.029376450731842335,-0.108613168180714,-0.27033877680599877,-0.08859190247766079,0.05127168522500518,-0.006253145955346356,-0.3497555725698676,0.0,-0.030896230689000912,0.25434433788927713,0.18269933301912894,-0.1169085934061794,0.05814337410952227,0.15307594735427238,-0.21481501903173802,-0.1395116334678247,-0.23387758202544787,0.00746644046764208,0.036297830580998815,-0.026883529754301968,0.07521831363895466,0.0015545816947702142,-0.22775618752261592,0.08870378452090621,-0.028266099595144967,0.13716587620175041,-0.0612922648509813,0.10119816160322352,0.11075057642584701,-0.31739892117331103,-0.020521706947783554,-0.02893345141042057,-0.15788348835127064,-0.026366335354208636,-0.20515127220595183,0.13869240453132742,-0.022706625497419784,0.044278835468274,0.26379834360811244,-0.03227176522249228,-0.11603198616153998,-0.10462337671579437,-0.13432545589539382,-0.0031952550155761334,-0.13909758096984468,0.12724740389632247,0.06048719932468153,0.008424028521225575,-0.19828704444262008,-0.08191034582587797,-0.18639229256856493,-0.017932467726590715,-0.021727144468135114,0.041131546653456655,-0.06793066568542962,-0.1886747085890293,-0.25736224184187767,0.11602034421538884,0.3714317079407354,0.086562965376406,-0.15044916695704447,0.15963468375364837,-0.18821122508458263,-0.15931866922953264,-0.008098334535562532,-0.23601380373898911,-0.015377163226008258,0.09120113439025829,0.08800373938593027,0.2228546246137738,-0.09341224997285312,0.2060972787027834,0.11871893622379873,0.08433791953566573
41,-0.03287375631652647,-0.2992594471499973,-0.058272388150014516,-0.16909961437245333,-0.018517342520803014,0.15459459124366878,-0.1947309388538847,-0.059720289474859245,0.16975368715009495,-0.2853501358712705,-0.1637546235782677,0.001734103703981717,0.05839864039685179,0.18261406380122044,-0.02935375368765852,0.14975771387507864,0.18802565422427314,0.11181962594127155,0.06780635618589224,-0.242733238813295,-0.030896230689000912,0.0,0.001169175442677532,0.14241907737965528,-0.13682049258810403,0.19019882205497843,-0.17522358985581526,-0.1745900126523402,0.34892833742974866,0.4355035008449774,0.08678104945917245,-0.16265610554009638,-0.1438498237962509,0.211198319043844,-0.12242558700903658,0.10423733782362672,-0.13352100247012957,-0.018961252185108142,0.3434362855803285,-0.02945668954161894,-0.12491601984780111,0.17614122217615416,-0.10191311003875407,-0.3152866754238512,0.016446205015506307,-0.15824581732065623,-0.09485851658730317,-0.15897098902403167,-0.01922590077081173,0.1304105105111402,0.025257115673500943,-0.08090022835979593,0.19940304886674776,0.04796703247295583,-0.18937918638599288,-0.24724973137306325,-0.029624768034383683,-0.009159185472244636,-0.023141755272312183,-0.3617367547934513,0.1487738169533534,0.08289506163999243,0.15408611662692578,0.006364145938639561,-0.07610378309262487,0.10664153643409723,-0.07000536770896126,-0.2825481274792038,-0.0934849417467925,0.04633666558205976,-0.19571489044124632,-0.022071784443669067,-0.02059297655359908,-0.05672145345238856,0.2372282669268105,-0.0035786950423370174,0.19689732047006595,-0.17277150923186455,0.06229290032782833,-0.09426831044985755,-0.175829074515712,0.09115226042035206,-0.03492845706773849,0.11039643945417991,-0.08548416887450166,0.1436632915810513,0.1293683059585729
42,0.09284167374678694,0.2744773294560351,0.016764393336251838,0.016539445716496935,-0.25929846175772825,0.08113938298437007,-0.10487703241087999,0.18862621251068035,-0.04674629117151269,-0.21520803409367578,0.03565685136962875,-0.023616227632481068,-0.2397717950168011,-0.05326926911607916,-0.06678398815558277,0.100630740178218,0.03735600793271732,0.04969290529483776,-0.12568993821955657,0.06318704681533585,0.25434433788927713,0.001169175442677532,0.0,-0.06603088400711894,-0.03129664470451757,0.013309554475186346,0.132083865463725,-0.34100486067181063,-0.043090321446327164,-0.04154758855984548,-0.2735027434301173,0.05044781927289412,-0.18501356462586271,0.22463265705184243,-0.33270227261413704,-0.07284820176041301,-0.08571623533883181,-0.3610653073351037,-0.1534051480755116,-0.09073369788467595,-0.09762057181833134,0.22621437742954917,-0.38646743913139237,-0.08893740964058845,-0.029028454343435407,-0.04362245941048988,0.20918018169711208,-0.1646108607172692,0.13967889301095965,-0.0014087135868853591,-0.23378919116710425,-0.033770943559396215,0.14448414391118966,-0.2249598441949431,0.01301506770591981,-0.36322774766321525,0.012027460676800994,0.017889176869592037,0.3967064103357867,0.07868939625656987,-0.04270517048299729,0.12477419777267681,-0.2760076088928649,-0.021692804340431356,-0.13772153525733746,0.0079467885773183,0.007580948538917636,-0.05240316205878551,-0.19871032563763122,0.2757270542006039,0.12784180764771866,0.19921150311977476,0.19412492526044636,-0.0927805701714111,0.16173077555894408,0.16021129463219613,-0.21738904947523227,0.06552955230623117,-0.04890534854293277,0.0791325928360893,-0.043033985851217885,0.22818765840652733,-0.04526356519340812,0.0956590911534868,0.06735851537742617,0.09498835474478731,0.14034072922971866
43,-0.23569512669441595,-0.12061592677150555,0.1650015443569509,0.023086797235071538,0.0827033965925704,0.2212684504494596,0.243070506895247,0.06303060075040316,-0.036791470121747015,-0.014556328416784056,-0.18617723049376314,-0.23452497096569694,-0.03051816227277568,0.2606485059457516,-0.24316242872867772,-0.13491580080620547,0.1579405572205373,-0.003653879916462745,0.0574874681946093,-0.13224753883787696,0.18269933301912894,0.14241907737965528,-0.06603088400711894,0.0,0.05100153604528446,-0.12954706782710254,0.10169570667461464,0.16114918461388505,-0.03640609575088592,-0.010737174847348825,0.05907962384085563,0.012607402982767076,-0.00683980030225117,-0.16202299679609478,0.02061203743114961,-0.05232977356067493,0.11361414924416556,0.06740173224910603,0.07435291473865668,-0.12994687901634241,0.04120741168652652,-0.18800642747270885,0.09151494480618404,-0.25991851729337756,-0.025999605144885692,-0.19800542626146564,-0.2923389707834623,0.01449272270183051,0.005325877613411498,-0.016892515554587657,0.21543846219985255,-0.0030492980551098717,-0.06523482174555661,0.16021160940832502,-0.019575116065617522,0.09877932910837176,0.24079521419877464,-0.36425769414557646,-0.04196593912753591,0.07673076507368502,-0.1560520838162346,-0.31696290588643,-0.09379039135012987,0.09083060537756886,-0.07529617402772022,-0.12742571314456494,0.002926326728350175,0.12299192089560967,0.022029864132939295,-0.004819201703684702,0.03269178127787535,-0.01071054472470849,0.029736786516371187,-0.1010939913372399,0.06451518639949826,-0.018783717629936702,0.08994419905233407,0.1193455069046757,-0.17203825248855506,0.08585573378407323,-0.029208848537683584,-0.03393756495325812,-0.09004088886688599,-0.14956877746871552,-0.10032017483179502,-0.10552268822347781,0.05429019488429809
45,0.004791951722510756,0.0035093527531254677,-0.0967858224779801,-0.10773576098665436,-0.0005244571697677409,0.05933600171359791,0.13490572064765877,0.008709310449438682,0.027340204459483222,0.20452331781851096,0.031605898727792375,-0.3018607155094516,0.002136144077815884,-0.08600671183765424,0.18305408342912075,-0.018180159308189146,-0.20775664486969894,0.03304265064571849,-0.2795634072006292,0.140009755944716,-0.1169085934061794,-0.13682049258810403,-0.03129664470451757,0.05100153604528446,0.0,0.2431360759504689,-0.03196345866205518,0.1907633086633979,0.1460069916086046,0.02308636241598711,0.09809868372459378,-0.22524649136076355,0.018168227943529507,-0.07399983854848882,0.23504036300889902,-0.2559203436592429,-0.07782269699365692,0.117933474645908,-0.19327728796661633,0.3459881344903589,0.02132555361480761,0.23715464374495326,-0.04789035974431803,0.010055752435020224,-0.04659063737403114,0.0031343178866058644,-0.10468671076095475,0.06008136082595686,-0.05123102275221276,-0.02768273061374037,-0.09745866768981727,0.02323807093766926,-0.1639180431647142,0.030592536816354127,0.05706269205198424,0.13785787984753903,0.06873435970942016,0.11256467738660869,-0.09791959081009824,0.1452939153750143,-0.3137595071436371,-0.04447687754083976,0.12353300275485173,-0.23229531084423088,-0.021605357596193683,-0.07568171716250001,-0.0919883503865917,-0.08231160941848176,0.07523394413854215,0.05898631526581928,-0.04948461459244997,-0.061026507621949604,0.20646550163728777,0.21150162956194266,-0.3163889336374982,0.07998373872871223,-0.027737551915762253,0.03565725216858779,-0.18822853758122268,-0.02228184972091395,0.08331241496601076,-0.12631440759870688,0.022564612762761553,-0.06682497489427147,-0.03364371051116494,-0.08232111360798879,-0.23874004787039416
46,0.18714669942746245,0.0010217078775923653,0.09590830099875945,-0.10017939250061743,0.17534188808395085,-0.0814509305890617,0.10650904245279033,-0.1292497677823735,0.07136333293273579,0.2990243670439543,0.0763567352741109,-0.08696435640381503,0.037211395564271985,-0.023427054765592426,0.1794022430189818,0.018330691533426063,-0.13934393397331515,-0.08123104753664774,-0.0692857358858108,-0.02262695762257501,0.05814337410952227,0.19019882205497843,0.013309554475186346,-0.12954706782710254,0.2431360759504689,0.0,0.050737328137595065,-0.0633920649930369,0.12481503097674365,0.2643204796246062,-0.07939532178079554,-0.2913655217409968,-0.26881235200639736,0.04553020527619225,0.07058339147432059,-0.02685347327486587,-0.1342987418135615,0.00466272010902879,0.10968148838440228,-0.021742658351609774,-0.10842264449676564,0.0009074514141197307,-0.06464048431850733,0.006097959904470613,-0.009675312894569618,0.13714751590440014,-0.05969862746416398,0.1738224943024171,-0.0573183679989912,-0.0006572351267086651,-0.014984831858011761,-0.1452919437949461,-0.05940781573034694,-0.1844330155419949,-0.17563898600172878,-0.100359472795762,-0.08954440719544313,0.15898125267239646,0.06255214096464158,-0.19619778838582957,0.0008971525368404752,-0.08190098644111106,0.043268456639603874,-0.12710405016597476,0.11245296827634714,0.15064100556262638,-0.1545615641442703,-0.2941459857148527,-0.3441160868939287,0.05085973976398082,0.12055393277109279,-0.017224113584082566,0.17573449410727637,0.2060273707400614,-0.09513739295081405,0.0910340589346318,0.053245004684297846,-0.17185498433532795,0.01579909252727117,-0.012640520520112412,-0.21008099795399712,-0.047742686569975275,0.019101334960352545,0.06386791582375655,0.18886039617980033,9.291955950673437e-05,-0.1690015536412305
48,-0.19259431008387773,-0.07622024566552497,-0.023426060263455253,0.08002241242866409,-0.1559254241369444,0.015311413670038753,0.06281528276312254,0.13375527850514798,-0.03753556854614363,-0.04904952784468516,0.012555552205941541,-0.16842174570239066,-0.1637713646339126,0.09475982362530733,0.032479993863865,-0.04231071528591756,0.33085254378783385,-0.0834884243129826,-0.08340283357536851,-0.06712284492947014,0.15307594735427238,-0.17522358985581526,0.132083865463725,0.10169570667461464,-0.03196345866205518,0.050737328137595065,0.0,0.06456380059228171,-0.23061674300747426,-0.07444566681853983,-0.00686582465430036,0.07068329526425245,-0.22247766014636858,-0.0006023241333793461,0.1812169274907136,-0.09835037625573075,0.12099664131257085,-0.27085493357076496,-0.039195988617683176,-0.013695368920285009,0.1310928974739937,-0.09069270741918257,0.10769323764878923,-0.1442359677841445,-0.09410352330158248,-0.09042938014393617,-0.12860909895279404,0.19034690006239635,0.21509361624612314,-0.3501757408382652,-0.17910216580270907,-0.03503139019631172,0.1567046019494882,-0.0747142188226631,-0.08934133286193113,-0.1419476191582083,0.19976193847776405,-0.13782782730590037,-0.23693373710055737,-0.024244894914351507,0.10138627043508093,-0.14576784837009857,-0.21073650041266875,0.005755126085183161,0.1618177415345567,-0.04425930753014178,-0.008641150646930712,0.10741925155116569,-0.2343205069310712,-0.19953943358020776,0.19825359129881626,-0.043379587735002396,-0.07063088108422252,-0.07717565320629989,-0.270441185536353,-0.028188877495269105,0.16768890659764316,0.23267402283373345,0.009483407226758557,0.4282263979697621,0.07627807532631954,-0.057899487627163626,0.17017841698388336,-0.11886499707352452,-0.019207388770775404,-0.09152434656992559,-0.12256867704002991
49,-0.09126622951780708,-0.22185616699414681,0.08318385514956163,-0.04990040438382468,0.03685101980630516,-0.13127666492550602,0.24814044670936633,-0.053284228453090596,-0.05717364283498432,0.22359975151781292,-0.1563962836931216,-0.09461463017259221,-0.0693864577333183,0.19329300254808812,0.00457656842752359,0.08471375087510079,-0.14659779586486923,0.08950971100348284,0.05287000997128837,0.0722821582284449,-0.21481501903173802,-0.1745900126523402,-0.34100486067181063,0.16114918461388505,0.1907633086633979,-0.0633920649930369,0.06456380059228171,0.0,-0.04594967689567957,0.045987359574773796,0.2737973403613386,0.10950182316564527,0.12018792638933198,-0.32450983582787807,0.39574139884036813,-0.1768494040841398,-0.08453559972697687,0.38489210981466104,0.30636535933837167,-0.00505194705650251,-0.016373519162488588,-0.2360455918757005,0.35907912811207054,0.10980824794507568,-0.18715890086469447,0.07726129327626019,-0.13096801326470167,0.09029706791121057,-0.005557750384183466,0.06717855843874367,0.17753944866720384,0.09158643221205444,-0.02319134876423688,0.15438852067052222,0.07141493650145997,0.4070057210271564,0.07887292061979977,0.010981825442860579,-0.3005382206424974,0.04374263184798786,0.05367403177926194,-0.0679617616717995,0.078379351393663,0.25580752340564356,-0.030671862013430192,-0.28310560939369067,-0.0023549770899903757,-0.06894946947062065,0.39926046794359404,0.1562535862760871,-0.0549262336354449,-0.16610833536750366,-0.14862761782215644,0.23712196757883708,-0.2660332124875427,-0.22068349981726507,0.14022805296685217,-0.048454530619296096,-0.30141443719403815,0.05000150534073994,-0.11532498032577615,-0.2785241943302746,-0.152376657874436,-0.2157038190581495,-0.15221269937340545,-0.13267485157505796,-0.3464832644246144
50,0.0624892232639393,-0.12012181469348764,-0.13939285447917818,-0.0011466182134858287,0.29428110315391925,0.019292820687684748,0.02417338625597829,-0.08918855788172912,0.12490825949773497,-0.24643954137256163,-0.034900064983976645,-0.091239176771283,0.1530925433667943,-0.14122358239529179,0.1530036821314011,0.09201782855801043,0.0234342865907093,-0.05492244270685223,0.26002561654931206,-0.12335421735549303,-0.1395116334678247,0.34892833742974866,-0.043090321446327164,-0.03640609575088592,0.1460069916086046,0.12481503097674365,-0.23061674300747426,-0.04594967689567957,0.0,0.2736489139603472,0.05663666105704592,0.03915659584950734,0.06746324883754426,-0.23776956409593497,0.07433542477342135,-0.01397663224477099,-0.11898292485461893,0.16386505408888621,-0.05763880009840025,0.08220414160588652,-0.2048932963562016,0.16271941749038502,0.12527796684650283,-0.08144185381708124,-0.20841272606016575,0.02831491305785179,0.1656629985984039,0.15569655142805258,-0.36560801485317757,-0.06780387199059452,0.022756362378764418,0.016643470008648593,0.3226689852704932,-0.08321697555587482,-0.11927172874862504,0.1358792846605093,-0.20425355187729807,0.3790377064616367,-0.043462943031525716,-0.3086527000339968,0.11971854563462184,0.11486384285732927,0.48919342837108115,0.12237353797890084,-0.0036978071096944905,-0.01622425093453119,-0.2301753551679794,-0.007712466720141041,-0.019130955514964725,0.1552763056164862,-0.09129597257488138,-0.21374546126226207,-0.03014099651416635,0.1421788979154923,0.06005230666263958,-0.021850837655369677,0.22493211492585768,-0.1370602603864241,-0.1207925418922062,-0.011777875852454876,-0.20115725189385691,-0.038605456437747515,-0.0782125698064136,0.049743953081771305,-0.15376049462078556,-0.13355546288604137,-0.3265253957774663
52,0.25379689249617193,-0.056970750842468276,-0.0655900911893045,-0.04301360344248561,0.09059385662461637,-0.10138071946104259,-0.19838051725740544,-0.022599489812277402,-0.16561643799626635,-0.3069355558191661,-0.024817297330367864,-0.03971361669992218,0.05565701337238946,0.12853470499630534,0.12591503326420303,0.21939441775108082,-0.22444828288693247,0.0771116257525468,0.05911027877434767,-0.17137990015444485,-0.23387758202544787,0.4355035008449774,-0.04154758855984548,-0.010737174847348825,0.02308636241598711,0.2643204796246062,-0.07444566681853983,0.045987359574773796,0.2736489139603472,0.0,0.09961052506918673,-0.18826257212237424,-0.019940246714054498,0.2571452741734763,-0.022265672610802076,0.11758230558962454,-0.14830147377824263,-0.05761908519760673,0.17725368779245956,0.2609626426719545,-0.1372134403234645,0.20840484047473662,-0.01032792719241367,-0.20962544911850073,-0.1298393151943375,0.1082579421851577,0.07515194624322478,0.20212530360858663,-0.13969147989445446,0.03847422808362371,-0.21869105924605428,-0.2859468750286117,-0.034622204054769436,-0.1513037555526602,-0.08168556714385636,-0.2135580602834483,0.1082968363154088,0.20187150138834772,-0.06182577556393911,-0.31291377985977087,0.1784496068216069,-0.07661820319121278,0.0662742758899097,-0.04778044614498428,0.020875180165172844,0.24530976182670838,0.10459449167833712,-0.24360051106660088,-0.2608198254534383,0.030857491681662595,-0.11675990823550186,-0.11158322392234256,-0.11588060449006019,-0.05758465008602815,0.10046925812849303,0.21121022151330718,-0.08899513210146671,0.036701414243569916,0.05030456483386886,-0.04873738426625325,-0.21791927651755963,-0.07395477066952477,0.06090623088526255,0.07430018556647784,-0.0744001966350315,-0.1491722105098052,-0.20283651156356508
53,-0.0927947810576784,-0.1184139775850636,-0.2058140333083739,-0.0037884780709778443,0.08409085368075697,0.09092421261035807,0.011130531729144237,-0.05290766743002719,-0.13743389202183415,0.0853690065978613,0.07402685628614891,-0.1554333211581418,-0.010545320631888488,-0.002788673265361748,0.022251958414434555,0.12395304073520977,0.0016019721030284312,0.18555665862908494,0.09970025229401608,0.07018730920838864,0.00746644046764208,0.08678104945917245,-0.2735027434301173,0.05907962384085563,0.09809868372459378,-0.07939532178079554,-0.00686582465430036,0.2737973403613386,0.05663666105704592,0.09961052506918673,0.0,0.09089733246012083,0.14645319970854787,-0.09384250485666373,0.43200728920467146,-0.12877556781446187,-0.05279618727557664,0.2632928456612474,0.0959824558260955,-0.03222412749087486,0.014934106195664662,0.16934345767578832,-0.07691528544484157,0.007144652888003389,-0.08257486171353726,0.11688553687522442,-0.18417655556903548,0.25351428498027007,-0.18011553202866373,0.08382773218473621,-0.05306812916924107,-0.12100973582997063,-0.02400525471841546,0.27699106842358356,-0.10280747952912732,0.1063127589038772,-0.08737980399776424,0.2735094079372907,-0.39389621859885376,-0.21693183056405344,0.07039637872259603,-0.38199463159216557,0.17533238319235459,-0.12638567804239426,0.12891654355940715,0.12907763953673818,0.06757712391704188,0.10459497138565657,-0.09000396092257526,-0.23347344812980456,-0.16005731387957317,-0.22286801559961966,-0.0453685691403069,0.002810372487845511,-0.14688108769852043,-0.1515975051087445,0.08226702352982058,0.11529456467110406,-0.09185960175891349,0.04444585801292339,-0.06464756996234128,-0.22243262970693023,-0.30116170122321545,-0.12333356069317246,0.06871252040273249,-0.04200829645791887,-0.18969710356546413
54,-0.16138713496155394,-0.1357661748931131,-0.06793710247655133,-0.08792858157248663,-0.01618262957794413,0.14236312038428192,-0.16333912965422143,0.051799129666564275,-0.02287494698464186,-0.049832138959673165,-0.2443512968502749,0.13816707003096018,-0.24489341654012664,-0.007801558128691047,-0.129698410836329,-0.07041962499046406,0.290048073508193,0.1887111013679364,0.13273742740016664,0.07977972175773765,0.036297830580998815,-0.16265610554009638,0.05044781927289412,0.012607402982767076,-0.22524649136076355,-0.2913655217409968,0.07068329526425245,0.10950182316564527,0.03915659584950734,-0.18826257212237424,0.09089733246012083,0.0,0.25631779648805836,-0.1411939228794445,0.165852029223815,-0.010660107648677683,0.0157785664504407,0.10074584388085653,0.1717175663420219,-0.062466317960824524,-0.007749796136981214,-0.24769606448562248,0.054594287762726554,0.19870912707323687,-0.087463319836114,-0.05854508020390409,-0.1122344654473527,0.07502768666228125,-0.07745759419702775,0.05614440476843898,0.19458886484247157,0.21225029361711523,0.27213420176467645,0.054419612997414976,0.11070857538204748,0.15662431999685,-0.2369495361364118,-0.07018723838275998,-0.0851145957866262,0.06108193404147631,0.20939152849341236,-0.1851607984534892,0.1576288265229849,0.1363567395415888,-0.16944581411807605,-0.12184924710114238,-0.048924836454,-0.16815516094956073,0.2655130526824579,0.07573413917883451,0.11147736798216762,-0.06555397065218166,-0.16541052179467577,-0.15095926150623948,-0.05892709290983132,-0.12217316755260077,0.35363572536183574,-0.1744551082384987,-0.19184685719225267,0.07657834547163253,0.17886846851530497,-0.13757572868455942,-0.10920536202887221,0.02814968955842845,-0.1700399241356919,-0.1083138918129974,-0.11308385908215161
55,-0.09631476744899842,-0.12571697178323207,-0.09444668314884051,0.014105431097858667,-0.06108086321243435,-0.08866881077368224,-0.22132541049176221,0.17060935114063835,-0.01674221633552311,-0.1148563770573721,-0.12285820463040516,0.04694296088464947,0.14353336361939567,0.25839304531719265,-0.17249494542318797,-0.1309590095636293,0.03863571413584711,-0.012915828706306674,0.11208268011394182,0.12981358168849647,-0.026883529754301968,-0.1438498237962509,-0.18501356462586271,-0.00683980030225117,0.018168227943529507,-0.26881235200639736,-0.22247766014636858,0.12018792638933198,0.06746324883754426,-0.019940246714054498,0.14645319970854787,0.25631779648805836,0.0,-0.0718034552571107,0.10556407182756954,0.043187674782873046,-0.01847700533337994,0.39081062961590435,-0.024606192654952258,-0.10349662817469076,-0.16809702255785486,-0.17498146658655037,-0.03738946298481593,0.25470382150358256,-0.15843479439700703,0.12187547928896714,0.14077528045234802,0.12628101663627037,-0.116446248592335,0.011647778316695431,-0.0151102632955759,0.07679139768821618,0.0018475100229879715,0.12305166441414085,0.44116730886231725,0.06453772788347882,-0.1259508915094988,-0.055398884359463434,-0.36322223303629886,0.2904523022300426,0.03698114402035014,0.10978223549985963,0.30279418619209975,0.0930408653091632,-0.05718785257777558,-0.19842775999216358,-0.02154359222861213,-0.17882376824709864,0.2217528419226149,-0.031163069837279594,0.006389229768434152,0.07154702121126935,-0.10826475113892392,0.0008518884397370738,-0.03317050789659764,-0.07438029756667833,-0.017421091242182985,-0.13237027758440004,-0.05944404869184666,0.051167266861190976,0.22973817518926462,-0.2439228827361067,-0.10065554795876928,0.028231266638952646,-0.2834042939394955,-0.22412859132540883,-0.09770757831439246
56,0.10235696001181692,0.11471033589439715,0.16667381259211145,-0.16716514922331532,-0.14570317865742538,-0.05117243718654285,-0.1896365289708708,0.1094667803666492,-0.20389233011995123,-0.16390700702146532,0.0038969008243374043,0.13303043941909612,0.1255426918283459,0.2167192964028743,-0.1839109163224756,0.153153931221131,-0.027524001530747806,-0.018731365972434175,-0.28627156260345427,0.1138916102006059,0.07521831363895466,0.211198319043844,0.22463265705184243,-0.16202299679609478,-0.07399983854848882,0.04553020527619225,-0.0006023241333793461,-0.32450983582787807,-0.23776956409593497,0.2571452741734763,-0.09384250485666373,-0.1411939228794445,-0.0718034552571107,0.0,-0.011130593627652454,-0.06549894142585681,-0.032676406473724974,-0.25508669687513363,-0.023704880848507682,0.06913180699485719,0.10174459420809868,0.1960058510044146,-0.14309309170280496,-0.0850321169176748,0.0690985595115371,0.020992137322077446,0.06884235776037899,-0.08158087992622907,0.26364240221557167,0.26560186614489995,-0.06112723847748579,-0.2572366534649796,-0.026461948857348285,-0.08386014594083742,-0.18115412525697674,-0.4501391141405351,0.0186527197578257,-0.18453221390109106,-0.02435537778571927,0.026627036363447976,0.0963490299840906,0.048718408622075514,-0.2952468207678097,-0.17473704324066475,-0.13462842449734824,-0.07920282757065211,0.2212041054038912,-0.1425034082347106,-0.1335213118371874,0.06951438253817838,0.05998701690328301,-0.035085371899580525,0.0231818334002226,-0.0390604982788387,0.08172854295093343,0.28870524938683256,-0.2160966861895831,0.19932910710329863,0.265738106252438,-0.20796599504272675,0.056281212567562716,-0.13915107528222734,0.021861249206864122,0.1729290096142926,-0.014319698559081393,-0.0539061717676935,0.12030970695881134
57,-0.15443078639573504,-0.13333999504806052,-0.09745304603953787,0.06694082570725435,0.251195225494797,0.05726965320241213,0.2436484168071382,-0.09642429930924618,-0.1121588995061025,0.41481060546900494,-0.02007493046893369,-0.2174349442992395,-0.1576218395917012,0.21467976395470678,-0.06855372074681791,-0.0892438918850771,-0.09302306081438025,-0.1409159422951471,0.01639129082615041,0.08221580962294334,0.0015545816947702142,-0.12242558700903658,-0.33270227261413704,0.02061203743114961,0.23504036300889902,0.07058339147432059,0.1812169274907136,0.39574139884036813,0.07433542477342135,-0.022265672610802076,0.43200728920467146,0.165852029223815,0.10556407182756954,-0.011130593627652454,0.0,-0.2567413842056988,-0.22636196672594547,0.25088600765570407,0.20197779181679068,0.07794642624352642,-0.11537089056939734,0.03924125550548627,0.29624766498058264,-0.010315157611191455,-0.006872302352609406,0.029431153020867643,-0.05506444034362659,0.4061230663080636,0.08031971831173355,0.03584180504170228,0.24305425869145889,-0.009579566673333354,-0.06755579812824873,0.13456866930067962,-0.1150454310035237,0.0743919115078214,-0.17926831480402522,0.001770648068051375,-0.3454265455373775,0.0484048015850488,0.27481243980639175,-0.21618250742163508,0.20860039746713155,-0.06696459286165324,0.06352801182076569,-0.29963040805268604,0.10357027170068892,0.060948975598386065,0.0254226716903228,-0.07065877758482673,-0.03170259350055881,-0.07075743660498565,-0.193745307848081,0.3608552903696463,-0.17944664754904333,-0.24775996233564726,0.06532794538355002,-0.14815699822939293,-0.1612622527732214,-0.054459134204827474,-0.021540922217765143,-0.3439521324231273,-0.0741858341287984,-0.17617696790147921,-0.11123144641445538,-0.19654684885779786,-0.43880260601150206
58,0.009483273220270403,-0.09129282222751302,-0.11027123428854965,-0.07230666243266833,-0.03287805636373511,0.30694027044915956,-0.3330370073962929,0.026272664227880535,-0.09132920243162938,-0.21755133704080035,0.01995099094285934,-0.013800129165776444,0.10571733072329638,-0.029596847838522095,0.1493446637274351,0.11913960054876527,-0.05115354619775595,0.005158603681280914,0.24799897356198436,-0.17364666303751114,-0.22775618752261592,0.10423733782362672,-0.07284820176041301,-0.05232977356067493,-0.2559203436592429,-0.02685347327486587,-0.09835037625573075,-0.1768494040841398,-0.01397663224477099,0.11758230558962454,-0.12877556781446187,-0.010660107648677683,0.043187674782873046,-0.06549894142585681,-0.2567413842056988,0.0,-0.1059475492434053,-0.2132085735088681,0.21213465780871907,-0.11628826171522845,-0.0933541725304097,-0.11261459837741704,-0.03952308877444668,-0.013750619066945401,0.23344651147854614,0.047997568583841035,-0.07356129459413015,0.03426571500275704,-0.06927936637514215,-0.0712161193251716,-0.19419569411281226,-0.07304813383416618,-0.1819655240935341,0.16029949239791433,0.03716518914699756,-0.08013955475682089,-0.01409130277958937,-0.0533776398316103,-0.06436600735706322,-0.2226567313756867,0.039286507126434424,-0.06443445321927432,0.11167315229290552,0.19135878972256518,-0.2113082917409476,0.2170387705164641,-0.025225054934549223,0.16698664466437352,0.04827976192502248,-0.13424063234579953,-0.2954709174404282,-0.09985064200455075,-0.08014340340942733,-0.3250708959106139,0.011865167958187706,0.21525863283524638,0.1395222305555214,-0.12136674318108032,0.18434358144608035,0.12975528192062566,0.2120770478320564,0.17341592488020027,-0.11709107393485033,-0.01250078912301337,-0.01758863832064942,0.08386933719132543,0.14129635414398625
59,0.0006167333564393679,0.15880155265098092,0.10902955496849258,-0.19900434769650432,-0.220960644559984,-0.11064834506226554,0.0775823543354473,0.136437602084843,0.05404924504916787,-0.10315096641964078,-0.23652590542830473,0.03631499690057977,0.10244320667207872,-0.008946356392594496,0.15868016294961623,-0.4506266504275542,0.06542484697042869,-0.062272368127078925,-0.13998530138569137,0.003589267488180635,0.08870378452090621,-0.13352100247012957,-0.08571623533883181,0.11361414924416556,-0.07782269699365692,-0.1342987418135615,0.12099664131257085,-0.08453559972697687,-0.11898292485461893,-0.14830147377824263,-0.05279618727557664,0.0157785664504407,-0.01847700533337994,-0.032676406473724974,-0.22636196672594547,-0.1059475492434053,0.0,-0.07924562956225108,0.04047042739771047,0.08409904343333903,0.19816301608777578,-0.040074245621812554,-0.06433421309998669,0.07546312473371627,0.015922403405135878,-0.059317733243491925,0.01298824373996663,0.06750491952782782,0.03741573675374002,-0.010723192546095762,-0.10539212531933355,-0.22339876681012608,0.11204706447275554,-0.06386722746178927,-0.04124256117153754,0.1895268093306533,0.16732106587202217,-0.10878806173872266,-0.1872694576759779,-0.01676847981933769,-0.3631711930004685,0.023955639455478104,-0.2116233091214637,0.08059724356303528,-0.07450160350037976,0.04639479187189334,-0.008867098195192234,0.07505523441866954,0.12222538390780241,-0.12583117744607156,0.15471431452785395,-0.04275306121255505,0.03881854053647019,-0.1813889172634803,-0.3078363951102655,0.2599446750790713,0.052060882074359084,0.19304771771545368,-0.008406027838437627,0.11998894294265311,-0.07598451412539467,-0.01797221226512835,0.07145011641338546,0.020888376529760676,0.17614686059116808,-0.10895896764342544,0.16124164684298647
61,-0.09119136310928025,-0.1764753196655346,0.11070366861465385,-0.10838647670127526,0.11943998429898937,-0.1601594034028649,0.16443415264386113,-0.015370654225501258,0.1463756708721573,0.13275843532214562,-0.14314973155449343,-0.07035339017050393,0.05346844969087878,0.2555279269470354,-0.08765120241886874,-0.03419499031645413,0.03704523888786174,-0.07342691112737802,0.012856744429499828,0.09982684574930063,-0.028266099595144967,-0.018961252185108142,-0.3610653073351037,0.06740173224910603,0.117933474645908,0.00466272010902879,-0.27085493357076496,0.38489210981466104,0.16386505408888621,-0.05761908519760673,0.2632928456612474,0.10074584388085653,0.39081062961590435,-0.25508669687513363,0.25088600765570407,-0.2132085735088681,-0.07924562956225108,0.0,0.09958441718689155,-0.18945684021551448,0.07218674680477183,-0.1492179967427419,0.05171959892859351,0.1201699718522626,-0.16127357703428544,0.11126967045085656,0.03442658559520944,0.10237074971136488,-0.17435566231731156,0.040000880048433225,0.17502699619148368,0.18005366471432982,0.07817624903434232,0.09377759096747784,0.051104561758828104,0.28753434063479466,-0.11716086642372694,0.14448201196505644,-0.1524537939284828,0.06550953708936882,0.12477565397637053,0.08165406762106833,0.18338465540551044,0.1987771674212441,0.017593005081775703,-0.22692624849634582,-0.11140802301927588,-0.18687812153858496,0.4112066912486415,0.10723168013056272,-0.07967802785255333,0.011233088749867977,0.08900870051331898,0.44662570617477815,-0.08308847633922575,-0.180346612378891,0.04137108130259925,-0.42528172875894543,-0.3043732227805387,0.0034213504408641708,0.025216161046704006,-0.2624740602806837,-0.15132829270581935,-0.08918342244222797,-0.3424967235139035,-0.09209267256442832,-0.22065561036396292
62,-0.15723914208963827,-0.2612797561551937,-0.24322013694714684,-0.21706872401413058,0.011104975983889844,0.15322716241202888,0.12998462265958935,-0.16472397869963273,0.025984028744334087,0.010654552340982712,-0.14208130203034008,-0.03747764021006924,-0.12671370881444097,0.28114167789807265,-0.044248637538451006,-0.14613535823881244,-0.01768289546968126,0.20326259527552692,-0.09886263890805579,-0.3457573942658531,0.13716587620175041,0.3434362855803285,-0.1534051480755116,0.07435291473865668,-0.19327728796661633,0.10968148838440228,-0.039195988617683176,0.30636535933837167,-0.05763880009840025,0.17725368779245956,0.0959824558260955,0.1717175663420219,-0.024606192654952258,-0.023704880848507682,0.20197779181679068,0.21213465780871907,0.04047042739771047,0.09958441718689155,0.0,0.05493350429312531,-0.07408232035139121,-0.13382898700925022,-0.04600008915851936,-0.13354812949150738,0.12834448492421283,-0.18305842004419298,-0.1512557411735795,-0.12536599659557524,0.2874319865621416,0.29734034962629025,0.12286140961660391,0.13689715809414807,0.039405227455835516,0.12470780144488282,-0.14576959825988936,0.07335277558115547,-0.0798200189468164,-0.23530750487296725,-0.19813791325372626,-0.16342855510435259,0.1931928934574685,-0.23658311782061356,0.10170233006811744,0.014417168212039167,-0.17062400248934903,-0.05661014983775851,0.19277547520467772,-0.25597695520109337,0.031159136035344127,-0.15012833231604725,-0.11711910493766782,0.08785045081045761,-0.13434308811657045,-0.16876554770111485,0.055916971785224916,-0.26146649102154074,0.00035966048719652264,-0.37144281194714274,-0.20376416469979194,0.0706951249869568,0.0901026218742188,0.05837083911830103,-0.02376921655890098,-0.15008270272853957,0.07051352234898065,-0.05243859674751302,0.0397312490639007
63,0.10894444562848844,0.01858263697461795,-0.28749366370526874,-0.19393145793584068,-0.062205217793332795,0.03504918469291291,9.559104851632235e-06,-0.1383032292188891,0.050784793676411144,-0.14144478352152412,0.08616865348402564,-0.10461331302474995,-0.021861464981356445,-0.14531869940045852,0.2023246738277548,0.02514457286882675,-0.18748344549340293,0.13591943650482868,-0.17733570950413802,-0.30239730165109824,-0.0612922648509813,-0.02945668954161894,-0.09073369788467595,-0.12994687901634241,0.3459881344903589,-0.021742658351609774,-0.013695368920285009,-0.00505194705650251,0.08220414160588652,0.2609626426719545,-0.03222412749087486,-0.062466317960824524,-0.10349662817469076,0.06913180699485719,0.07794642624352642,-0.11628826171522845,0.08409904343333903,-0.18945684021551448,0.05493350429312531,0.0,-0.006670557058288836,0.19653595791485864,-0.04784120838615541,-0.15051946662318416,-0.09861930331027123,-0.04555060547692746,0.016253013504229443,0.03004317154960982,0.09909770888411501,0.19241692137188288,-0.1385367236678985,0.08530259627973331,0.009086366924681597,-0.21591903852918073,-0.20733438404074003,0.10361169852116124,0.13027598366560553,0.08038571632063013,0.03374281532695772,0.02049082764686886,-0.1950843248484504,-0.09330812570737597,0.08329877843887107,-0.08173292409753014,-0.09485150855896843,0.2337198480045408,0.217863793223827,-0.06313087348463259,-0.03897598804910916,-0.20156211237661298,-0.20304745565288113,-0.08968155072791505,0.08221035476399423,-0.2032551556607404,-0.02767359687073036,0.021654056100297962,-0.18276143140646584,0.10994419223194324,-0.168905724966522,-0.09682665542762856,0.2893055503729191,-0.05733505844802581,0.22374724724006906,0.0946039425546329,-0.003920853733482471,-0.24712080836590958,-0.02864025792711543
64,-0.032676555707931716,0.2575677802752682,0.06777512000689677,-0.03769785747949845,0.09805337672614874,-0.19102185285055015,-0.13706056634729047,0.08113748794360132,0.0060317871662126194,-0.02260900709047405,0.012491539450147564,-0.1613263159472042,-0.11493942101153791,-0.14060276284267612,0.007910602134130987,0.053138422653070706,0.2564264896520489,0.10537730458939959,-0.09235306607536686,0.21932816446066486,0.10119816160322352,-0.12491601984780111,-0.09762057181833134,0.04120741168652652,0.02132555361480761,-0.10842264449676564,0.1310928974739937,-0.016373519162488588,-0.2048932963562016,-0.1372134403234645,0.014934106195664662,-0.007749796136981214,-0.16809702255785486,0.10174459420809868,-0.11537089056939734,-0.0933541725304097,0.19816301608777578,0.07218674680477183,-0.07408232035139121,-0.006670557058288836,0.0,-0.0261997118124345,-0.11291712236382861,0.009154040902010824,0.0851354915524198,-0.12094057426189597,-0.04045288493600457,-0.053903346071823635,-0.17032334766426144,-0.055574499182361334,-0.1803314309646504,-0.012556332710340045,0.0028315051497402955,-0.006831861660931014,-0.20729661968300775,0.17149410862340445,0.08252696392793804,0.06019143280677307,0.07585501746500851,0.08394270339682096,-0.1604727540422003,-0.08554934553053463,-0.1990392495246395,-0.0782789740608333,0.19595391879383292,0.017909314362751377,-0.2566752341455652,0.12196066712217808,0.05588512063857618,-0.22235704905393155,-0.016025503329437838,-0.029372561696065443,0.2134841426490344,-0.05778640463682109,-0.24232727442432928,0.08323223824008856,0.0646101109571213,0.028683763883367762,0.14616291112393986,-0.15504648373163632,0.2739356666506103,0.07643684465451905,0.05472707858239615,0.02568341092528441,-0.05016927938735237,-0.14366493209757036,0.09870036240474724
65,0.1687035950933847,0.31512493949315545,-0.22279376750711893,0.1576586611676384,0.0008329276394833612,-0.035232121540455415,-0.114785536225732,0.07265048941451994,-0.0399506391214084,-0.2937365923281772,0.14867284778097412,0.014801130724733522,-0.09943489780460503,-0.17805759118452594,0.19439607023031308,-0.10483548180327691,-0.177756005091557,0.1488750618272818,-0.1645488792281431,0.08925295144728049,0.11075057642584701,0.17614122217615416,0.22621437742954917,-0.18800642747270885,0.23715464374495326,0.0009074514141197307,-0.09069270741918257,-0.2360455918757005,0.16271941749038502,0.20840484047473662,0.16934345767578832,-0.24769606448562248,-0.17498146658655037,0.1960058510044146,0.03924125550548627,-0.11261459837741704,-0.040074245621812554,-0.1492179967427419,-0.13382898700925022,0.19653595791485864,-0.0261997118124345,0.0,-0.3555062984550236,-0.17828822781955286,-0.07435335911369186,-0.03525933907047659,-0.09198115675291145,-0.07650519158026443,0.03975805845424311,-0.04299270297168155,-0.32909005087026666,-0.17146876567334052,-0.07880771621010056,0.1448771055087485,-0.08833389330196804,-0.0038949728531021684,-0.0586465761239216,0.2089956222235293,0.08635460971954133,-0.2754380719402847,-0.08306712446274464,-0.0428198422160373,0.1238455992741559,-0.2976172431427561,-0.12143806775706223,0.15937888725101093,0.15697720169163504,-0.03767641210769499,-0.09873441097852134,-0.1344304083011894,-0.14587322138714948,-0.011349972255034313,0.06838082179893884,0.01081266080810576,-0.05364048682612781,0.11504657969308639,-0.21368323778377998,0.1529482632320924,-0.010984548647459135,-0.028259976339078844,-0.05157216613073597,0.09940760598445171,0.013536421588350766,-0.04574651403572429,0.2716364314689004,-0.04082502221420308,-0.10659312139144002
66,-0.14550343095936305,-0.16977640302742758,0.145502801882517,0.025062368200818134,0.18876112658637526,0.0538121236356632,0.2542664623993758,-0.09128743592913913,-0.0647567452971979,0.09277725480086876,-0.27305099120965726,-0.1690924802280584,0.25405606865969416,0.2131152779999781,0.06674949237409887,0.04030998844573109,-0.06427144293498148,-0.22563350490511944,0.22034326060873952,0.07074102059890357,-0.31739892117331103,-0.10191311003875407,-0.38646743913139237,0.09151494480618404,-0.04789035974431803,-0.06464048431850733,0.10769323764878923,0.35907912811207054,0.12527796684650283,-0.01032792719241367,-0.07691528544484157,0.054594287762726554,-0.03738946298481593,-0.14309309170280496,0.29624766498058264,-0.03952308877444668,-0.06433421309998669,0.05171959892859351,-0.04600008915851936,-0.04784120838615541,-0.11291712236382861,-0.3555062984550236,0.0,0.018751539111987094,0.007718604539862436,-0.029126448583356963,0.08948133933493932,0.17433590935630683,0.06306673538073271,-0.28233655613808045,0.12607696117576478,-0.04874324685205953,-0.06333306971553562,0.005886969016492698,0.02941503366693628,-0.08900793168997312,0.09148187157661003,-0.1574795241821935,-0.16799492671620905,-0.08567590993992047,0.17660006440068174,0.07287536773588373,0.011668420180530518,0.10934202065779451,0.03732730769808851,-0.2558716084787058,-0.06182758902927554,0.35687686830395515,-0.020895673768590257,0.1050183462767434,0.05722233671511153,-0.08912301833385602,-0.19118413774535412,0.21964259444340595,-0.022516260538623885,-0.18796470585143588,0.20661064646170654,-0.0771747285431319,0.04187209184408423,0.009909489255118049,-0.10034409868484231,-0.07387586988054244,0.13070952386205578,-0.06671362113882463,-0.10943461325710506,-0.053343615505142515,-0.2535819012567957
67,-0.03256057136216068,0.12141788513399028,0.06272776630300302,-0.1733346945050782,-0.042408648996066924,-0.1982179298386549,-0.08200335905511903,0.23175223386567173,0.253275534248085,0.29711021297461937,-0.1931855420657971,0.20275975975673086,-0.009785728246465546,-0.20693350973453012,0.22918348753297285,-0.1677558533861693,-0.12991165310328012,-0.030152053780522773,0.07528602610039746,0.28972232018330324,-0.020521706947783554,-0.3152866754238512,-0.08893740964058845,-0.25991851729337756,0.010055752435020224,0.006097959904470613,-0.1442359677841445,0.10980824794507568,-0.08144185381708124,-0.20962544911850073,0.007144652888003389,0.19870912707323687,0.25470382150358256,-0.0850321169176748,-0.010315157611191455,-0.013750619066945401,0.07546312473371627,0.1201699718522626,-0.13354812949150738,-0.15051946662318416,0.009154040902010824,-0.17828822781955286,0.018751539111987094,0.0,0.0812275158123257,0.14265593875748994,0.16834821520045745,-0.008074363401115505,-0.2147616219598265,0.059843527821800184,0.14136147643204988,-0.03901577906345032,0.04248134452020617,-0.00014728287993550206,0.21216228864871411,0.13171892628421059,-0.0799120616776602,-0.029736876574419396,-0.12224290367432115,0.13854501005455827,-0.1890054949690496,0.15094508368320783,0.02765722935741921,-0.033447306011747883,-0.03694651647814175,-0.20603401670396135,-0.10922598007052335,-0.02913544284181609,0.23373169230565707,0.1410517162282731,0.10317406269344781,0.024180559631140196,-0.042324773488184135,0.2371573815912207,-0.22646309985697152,-0.06575554469522073,0.13448506593416187,0.003538039977700229,-0.09782064312796934,-0.07598893026091111,-0.06984365836301831,-0.20029049327510792,-0.008762810675630322,0.13764003132652156,0.009896485570588571,-0.06603545187054888,-0.203499930503676
69,0.046175009810401235,0.10054819766387334,-0.20301635324858233,-0.04067392866357543,0.14560822425139866,0.015638291047875872,0.20470259559914675,0.08710203827318747,-0.05637051756341838,0.19129164479795566,0.10368152317032678,-0.11045666814192365,-0.16959660689242054,-0.18749296293070908,0.04245599580421444,-0.04714204808749715,-0.10215459120239133,-0.1610650408638868,-0.15798283759761558,-0.15337603877318057,-0.02893345141042057,0.016446205015506307,-0.029028454343435407,-0.025999605144885692,-0.04659063737403114,-0.009675312894569618,-0.09410352330158248,-0.18715890086469447,-0.20841272606016575,-0.1298393151943375,-0.08257486171353726,-0.087463319836114,-0.15843479439700703,0.0690985595115371,-0.006872302352609406,0.23344651147854614,0.015922403405135878,-0.16127357703428544,0.12834448492421283,-0.09861930331027123,0.0851354915524198,-0.07435335911369186,0.007718604539862436,0.0812275158123257,0.0,-0.0315107646226353,0.10684022457322638,-0.14796816125838985,0.08198594307676127,0.00017447656034071072,-0.07941023202946985,-0.2201529611356276,-0.22313239823202224,0.14240367072377813,0.07040853310758809,-0.21127196697341724,0.034993588944148196,-0.05561750249412795,0.1374394105458025,0.07305351419343017,-0.025182840487806012,0.060209024420202706,-0.10466381375479113,0.018397614952101255,-0.0038305307161654928,0.22691074976260736,-0.11665941741609587,0.1338252670644527,0.028539243372086597,0.12059921469482315,0.19943278987388727,0.175980236025418,-0.12568769881812425,-0.12650683547436062,-0.1074589174758369,-0.05743443559958251,-0.09476546844874251,-0.04707711316213836,0.028581730403931194,-0.002351560466044678,0.13648170041254984,0.10861337518672569,-0.1564494928807524,0.13808918910674112,0.23808204866395546,-0.11347230562053354,0.10887019486109224
70,0.23893436282649716,0.1608697267008508,-0.06759643335276232,0.0003104128485132205,-0.1061263306477567,-0.22532313393599446,-0.12367311483742026,-0.09921854260407603,-0.29010425243089855,0.14222175250292995,-0.027820856247962555,0.12921830921198205,0.0714797599257375,-0.26309803852305835,0.12626540137024056,0.23279661280387937,-0.17464945959338068,-0.14082190801658037,0.06619856318375114,0.13968659045605983,-0.15788348835127064,-0.15824581732065623,-0.04362245941048988,-0.19800542626146564,0.0031343178866058644,0.13714751590440014,-0.09042938014393617,0.07726129327626019,0.02831491305785179,0.1082579421851577,0.11688553687522442,-0.05854508020390409,0.12187547928896714,0.020992137322077446,0.029431153020867643,0.047997568583841035,-0.059317733243491925,0.11126967045085656,-0.18305842004419298,-0.04555060547692746,-0.12094057426189597,-0.03525933907047659,-0.029126448583356963,0.14265593875748994,-0.0315107646226353,0.0,0.13934269882995795,-0.015364344828297818,-0.27560564950510436,0.1204558447621655,-0.10251856530739571,-0.2688770459163251,0.19944775153481226,-0.3465707576801862,0.13813709962072052,0.10105622941928949,-0.26056750462377504,0.3010787522440066,-0.08944561443139144,-0.18133560042667518,0.21987780023514322,0.056490464144295455,0.10525763966895578,0.10829028859302609,0.06672049340133822,0.0074859999904811235,-0.1684517864042077,0.01161862114662656,0.12996141820033574,0.1955667313838667,0.36989889832688366,-0.3415725459822061,0.2891281314727454,-0.13009931390653054,-0.06375209974553261,0.12496479708806146,0.11165570781364331,0.10332426987894239,0.21595762137107724,0.006252986290432347,-0.05782598522418251,-0.2653926878149826,-0.0655139879369923,0.16521438922277393,-0.21334631063476922,-0.034972256631778234,-0.06713147368751456
72,0.10348203555521136,0.30320137759744886,0.028022322798279715,-0.10304156480281242,-0.10025421784283023,-0.3346711079490935,-0.12067015506419633,0.13705712269410958,0.18063493989757043,0.05115772875696744,0.08783099968294796,-0.10311401219048769,0.024160267081511547,0.03602773952590447,0.19605096989108983,-0.07549641197342792,-0.06181000631454647,-0.21732077476124514,0.05244922522620505,-0.11790476747942051,-0.026366335354208636,-0.09485851658730317,0.20918018169711208,-0.2923389707834623,-0.10468671076095475,-0.05969862746416398,-0.12860909895279404,-0.13096801326470167,0.1656629985984039,0.07515194624322478,-0.18417655556903548,-0.1122344654473527,0.14077528045234802,0.06884235776037899,-0.05506444034362659,-0.07356129459413015,0.01298824373996663,0.03442658559520944,-0.1512557411735795,0.016253013504229443,-0.04045288493600457,-0.09198115675291145,0.08948133933493932,0.16834821520045745,0.10684022457322638,0.13934269882995795,0.0,0.03669483061512888,-0.16766457269169147,-0.1562669004643482,-0.14757425600831575,-0.04507791701076071,0.03892797601104156,-0.14011249649504093,0.02686576577193612,-0.09756853877840936,-0.08821355679749784,0.24176138417212,0.18854905714086265,0.13032626276174117,-0.13840448198433566,0.4357531036821333,0.04179679807780956,0.008880327995882498,-0.14371739256014524,-0.14406361548104654,-0.2789500853010461,0.18883665568668728,-0.05510327259229769,0.3058986383677255,0.28942716855977246,0.2880511345073311,-0.2138362279176309,0.23238990217317188,0.013287541369684734,-0.04588929411253902,-0.17979394849911046,-0.11541112828939525,0.014768356075045758,-0.15370935109585646,-0.09108675322001368,-0.04823860214905239,0.018526437321871793,0.18762053494398773,0.09247156995901272,-0.2587819245940617,0.06458017111975377
74,0.04004456413497648,-0.028605253140232788,0.15997219931154752,0.019471548926370867,0.028422859336155414,0.034040999035411384,0.013043717568332792,-0.07920775380197707,-0.06878603087335892,0.03692290208932323,-0.07692529856763719,-0.1428198185496637,0.06627349341376026,0.10105091112853835,-0.024314577244965562,-0.1600380021756568,0.007163449282131327,-0.05418472909600334,-0.03597790864279861,0.13980961450134383,-0.20515127220595183,-0.15897098902403167,-0.1646108607172692,0.01449272270183051,0.06008136082595686,0.1738224943024171,0.19034690006239635,0.09029706791121057,0.15569655142805258,0.20212530360858663,0.25351428498027007,0.07502768666228125,0.12628101663627037,-0.08158087992622907,0.4061230663080636,0.03426571500275704,0.06750491952782782,0.10237074971136488,-0.12536599659557524,0.03004317154960982,-0.053903346071823635,-0.07650519158026443,0.17433590935630683,-0.008074363401115505,-0.14796816125838985,-0.015364344828297818,0.03669483061512888,0.0,-0.10614237013697458,-0.11424361953070651,0.08846698827009412,-0.19171964943600367,0.011307653108093937,-0.009064921338230517,-0.10767347986756338,0.04662638377840346,0.0033175282870517063,0.03284037562441797,-0.35694000778577367,-0.07390661221218107,0.16469455753789056,-0.039981299861671545,0.09143118205504078,0.2884425926930938,0.03821177308788356,-0.007845053233654161,0.11322614712060956,0.1453213084993504,-0.10717062314294933,-0.16575461796788965,-0.1836959285448263,-0.11798128181739437,-0.26081740025587175,0.2045916031255415,-0.13783062625601056,0.14811557589060845,0.18105769605791724,-0.041309212090983496,-0.0947948200163965,0.14488399929691786,-0.19247392225925022,-0.2697858943478778,-0.18202944126840429,-0.019267302615698267,-0.06269901282187736,-0.16690174636124924,-0.35102730450369657
79,-0.25051898556123486,-0.022195207745679783,0.001172531868443832,-0.033731064520212045,-0.17904901970969417,0.26121979853389055,0.2821786895407958,-0.06737657719283908,-0.05454749377151325,-0.004723364758348377,-0.01384907817449066,-0.03012087244148554,0.15127760640499568,0.19357763526478897,-0.18642537154724548,-0.15879359575920526,-0.008899171855131801,-0.013760035839559405,-0.2932837739585901,-0.07433756696945218,0.13869240453132742,-0.01922590077081173,0.13967889301095965,0.005325877613411498,-0.05123102275221276,-0.0573183679989912,0.21509361624612314,-0.005557750384183466,-0.36560801485317757,-0.13969147989445446,-0.18011553202866373,-0.07745759419702775,-0.116446248592335,0.26364240221557167,0.08031971831173355,-0.06927936637514215,0.03741573675374002,-0.17435566231731156,0.2874319865621416,0.09909770888411501,-0.17032334766426144,0.03975805845424311,0.06306673538073271,-0.2147616219598265,0.08198594307676127,-0.27560564950510436,-0.16766457269169147,-0.10614237013697458,0.0,-0.006223709397007609,-0.013638511795280937,0.08822895257817431,-0.11676381868206112,0.0349187525096974,-0.04563551136587781,-0.41161764102605647,0.17962438144013743,-0.49288763406136465,-0.11482994846549043,0.08599302334876185,0.1107920654772828,-0.18188539443751078,-0.2357193186095223,0.06179839674756673,-0.08160621433869504,-0.23816712736319637,0.5572342806834445,-0.019633303040325092,-0.08781555309881257,0.02990328153575809,-0.0566644308388151,0.11294476560679274,-0.02846708064865807,-0.12390367751803344,0.08147550978695312,-0.10944524969256218,-0.2682543535009724,-0.1058057804975663,0.10000212716737016,0.21957270384253216,0.1981027271473518,0.006169795871204122,0.18019389237638725,-0.2245554485862724,0.09304664538308006,-0.09203943690577134,0.1406476699813137
80,-0.10331240194206864,-0.04830613932050839,-0.15521847357585522,-0.3295407885902447,0.030324671365359913,-0.04119845163719238,-0.006297005303874908,-0.2204168180504424,0.13812074092481963,0.11694831942837065,0.14631968149770347,0.17704935141763917,0.04223093352443337,-0.07579989734555051,-0.21708989711052828,0.05526704324652948,-0.18783779847951634,0.12036366984632783,-0.17679209063351453,-0.040666215593745655,-0.022706625497419784,0.1304105105111402,-0.0014087135868853591,-0.016892515554587657,-0.02768273061374037,-0.0006572351267086651,-0.3501757408382652,0.06717855843874367,-0.06780387199059452,0.03847422808362371,0.08382773218473621,0.05614440476843898,0.011647778316695431,0.26560186614489995,0.03584180504170228,-0.0712161193251716,-0.010723192546095762,0.040000880048433225,0.29734034962629025,0.19241692137188288,-0.055574499182361334,-0.04299270297168155,-0.28233655613808045,0.059843527821800184,0.00017447656034071072,0.1204558447621655,-0.1562669004643482,-0.11424361953070651,-0.006223709397007609,0.0,0.3202123010751093,0.0296975402309604,0.042284151446709516,0.08252567929487346,-0.10388416789931812,0.15672800029882178,-0.1267309277694896,-0.059421980613548725,-0.00032779940062068537,0.09877287918008243,0.01535341141411475,-0.06901286036154534,0.012198913674463633,0.10241205424884554,-0.16041774100952536,0.008920555384438169,0.277363128062262,-0.3350810943149335,0.1442464862934269,0.021800069576112246,-0.0926527637403853,-0.04071620746632821,0.1704960793732574,-0.02320522847141392,0.18719495204065642,-0.01689996070281576,-0.1820710999933388,-0.15112027796920732,-0.0504015522392781,-0.3559465153759829,0.010681241252672788,-0.04704591723282566,-0.10103325412054434,0.04108589600927249,-0.17954605546793512,-0.05423303753291046,0.18803236741390986
81,-0.17822543356784665,-0.19716544720887572,0.18602806477248957,-0.07297579109560852,0.15941726015058885,0.018269895026009175,0.19878090676142962,-0.15293851202420644,0.16362190934883358,0.3397168733242642,-0.005264371746969921,0.15034321671767784,-0.190206783218499,0.024553308398148517,-0.33890477433081384,-0.09467844376693017,0.040351416548367026,0.012582874600111853,-0.04614592868536581,-0.05083844775692208,0.044278835468274,0.025257115673500943,-0.23378919116710425,0.21543846219985255,-0.09745866768981727,-0.014984831858011761,-0.17910216580270907,0.17753944866720384,0.022756362378764418,-0.21869105924605428,-0.05306812916924107,0.19458886484247157,-0.0151102632955759,-0.06112723847748579,0.24305425869145889,-0.19419569411281226,-0.10539212531933355,0.17502699619148368,0.12286140961660391,-0.1385367236678985,-0.1803314309646504,-0.32909005087026666,0.12607696117576478,0.14136147643204988,-0.07941023202946985,-0.10251856530739571,-0.14757425600831575,0.08846698827009412,-0.013638511795280937,0.3202123010751093,0.0,0.10133102047532132,0.059807380473206946,0.011155761526170368,-0.15444136305164163,0.22711007761221302,-0.07499800657643302,-0.20129120640776496,-0.03769899558126724,0.16621439211885802,0.04180126417810778,0.09613662092358306,0.20316970212942795,0.13480967823421014,-0.1381593667043315,-0.11115372167003011,-0.008679849625963009,-0.17186567311291945,0.235592612492825,0.12740926400203967,0.05778592327469401,-0.029031154024123595,-0.09172383510340897,0.35997996411918753,0.23962532443636386,-0.13293062205886993,0.24576806044260008,-0.11499975725004266,-0.1987719856906253,-0.33229019246890945,-0.22626899205797163,-0.05131504638051283,-0.004124394425657443,-0.06854016877451509,-0.01933069825906259,0.03233783546055822,-0.019080586897984517
82,-0.23358137777409185,-0.33578763479773077,-0.18528478457813635,0.21910118775074122,-0.10763622136138191,0.30173821679568247,0.21601727392384595,-0.20767033135718826,0.2523032197688922,0.07627139079644421,-0.06328305175866343,0.02143880176718621,0.024171658156391367,-0.034140809324849045,0.02847767781638376,0.09004647478370476,0.0823323456316415,0.262381772937301,0.1996620276440036,-0.22215665063702014,0.26379834360811244,-0.08090022835979593,-0.033770943559396215,-0.0030492980551098717,0.02323807093766926,-0.1452919437949461,-0.03503139019631172,0.09158643221205444,0.016643470008648593,-0.2859468750286117,-0.12100973582997063,0.21225029361711523,0.07679139768821618,-0.2572366534649796,-0.009579566673333354,-0.07304813383416618,-0.22339876681012608,0.18005366471432982,0.13689715809414807,0.08530259627973331,-0.012556332710340045,-0.17146876567334052,-0.04874324685205953,-0.03901577906345032,-0.2201529611356276,-0.2688770459163251,-0.04507791701076071,-0.19171964943600367,0.08822895257817431,0.0296975402309604,0.10133102047532132,0.0,0.02508229870596371,0.12391218025736024,-0.0789399198907279,0.12849031153585203,-0.04370740540223736,-0.05593600852688913,0.17709783675134566,0.19703301107381987,-0.02280916560260581,-0.06977052141010742,0.10340735430615887,-0.029567613753039748,0.1765862081963053,-0.14708983566339257,0.03724607631091923,-0.022744770489616668,0.1473812338430876,-0.09669470944940957,-0.2080663342117139,0.16738407988028872,-0.1378311749406087,-0.01794138860051977,0.07494984710540317,-0.31795215055013837,-0.012275451721953518,-0.25934043204728346,-0.24425137056744076,-0.04366132059376981,0.14839472580815966,-0.12417391936418538,0.07322026302016105,-0.17090024653552296,-0.040693818656077435,0.08852893177917567,-0.0018963635227895641
83,-0.20694230833811286,-0.18936282751010539,-0.00706207400623553,-0.12521849599569704,-0.07830266111640094,-0.13324676387745454,-0.1524987736935312,0.04534800052228889,-0.022503636396759952,-0.14573003947210253,-0.1693056414869563,-0.10273337997164543,0.08039181442834004,-0.07831575439621805,-0.008372051065947163,0.17508226167483631,0.3346250284767344,-0.17275013562032027,-0.01818953571366365,-0.09514716182444523,-0.03227176522249228,0.19940304886674776,0.14448414391118966,-0.06523482174555661,-0.1639180431647142,-0.05940781573034694,0.1567046019494882,-0.02319134876423688,0.3226689852704932,-0.034622204054769436,-0.02400525471841546,0.27213420176467645,0.0018475100229879715,-0.026461948857348285,-0.06755579812824873,-0.1819655240935341,0.11204706447275554,0.07817624903434232,0.039405227455835516,0.009086366924681597,0.0028315051497402955,-0.07880771621010056,-0.06333306971553562,0.04248134452020617,-0.22313239823202224,0.19944775153481226,0.03892797601104156,0.011307653108093937,-0.11676381868206112,0.042284151446709516,0.059807380473206946,0.02508229870596371,0.0,-0.23510172465478654,-0.0888095987887602,0.1325766928449928,-0.1081713101256754,0.2166267963775836,-0.040764679813412794,-0.26676146129282563,0.22959067002391997,0.2299272002173263,0.1449480782115151,0.2111611109933941,-0.03734734888911233,-0.17213122692139166,-0.1794217418877792,-0.19305410111653584,0.15802545761730172,0.11381643451723364,0.08990630066619251,-0.1719576656782869,0.09537460236047227,0.0856843701899352,-0.05034320389995944,0.0036374022997033174,0.3250658809292649,-0.03893640159112822,-0.0386490083645844,0.2698796735532956,0.015773510779009375,-0.17392568918263135,0.09542960484479288,0.11787657522466562,-0.25723854852696443,-0.021528729787078246,-0.054874223588295516
84,-0.282563034293041,-0.14588584578005245,-0.023110024135257225,-0.02871993509669193,0.0586624737935622,0.027153888843623145,0.054378078244216234,0.26074505190861796,0.1449294947404814,0.054163756023762444,0.14512282310499663,-0.004040731730645494,0.02142922456785914,0.20403901465407756,-0.11087818391277224,-0.0588530163276954,0.08187213571578562,0.11330843929108163,0.16544851263721191,0.0458721445693444,-0.11603198616153998,0.04796703247295583,-0.2249598441949431,0.16021160940832502,0.030592536816354127,-0.1844330155419949,-0.0747142188226631,0.15438852067052222,-0.08321697555587482,-0.1513037555526602,0.27699106842358356,0.054419612997414976,0.12305166441414085,-0.08386014594083742,0.13456866930067962,0.16029949239791433,-0.06386722746178927,0.09377759096747784,0.12470780144488282,-0.21591903852918073,-0.006831861660931014,0.1448771055087485,0.005886969016492698,-0.00014728287993550206,0.14240367072377813,-0.3465707576801862,-0.14011249649504093,-0.009064921338230517,0.0349187525096974,0.08252567929487346,0.011155761526170368,0.12391218025736024,-0.23510172465478654,0.0,0.03139404888567287,0.10634156972456753,-0.06343277204699653,0.03694373264872181,-0.2521357325644403,0.0296826486027597,-0.23881043812005712,-0.11670946322471315,0.14408781628338402,-0.07889211584881611,-0.09305809189530549,-0.062082295558871306,-0.000524675284505269,-0.0017871981848394366,0.043720510574914356,-0.07953430100689579,-0.33822262474943976,0.0846445807062858,-0.2765175002791297,0.08733358720031963,-0.19629145788257737,-0.16052550299487,0.07143187632875075,-0.0495022637357685,-0.11161316392375341,0.07337495111462634,0.019056170729095198,-0.19206475969860448,-0.19828091855399813,-0.11573034132438448,0.10612258845317621,-0.12469709302991537,-0.03685158973051739
85,-0.03326532009017438,-0.10828399287579558,-0.055714681438292675,0.17751033719740747,-0.10131366402146659,-0.0905164801600734,-0.1933226297385848,0.2827704458282107,-0.052019882927156,-0.04269712946328767,-0.0663428941075945,0.20981233794040322,-0.025076034490136116,0.13469847570339188,-0.19015937075385014,-0.01930225862445306,-0.017384142421206606,0.00700686189778285,0.18585701310989547,0.0974397632502616,-0.10462337671579437,-0.18937918638599288,0.01301506770591981,-0.019575116065617522,0.05706269205198424,-0.17563898600172878,-0.08934133286193113,0.07141493650145997,-0.11927172874862504,-0.08168556714385636,-0.10280747952912732,0.11070857538204748,0.44116730886231725,-0.18115412525697674,-0.1150454310035237,0.03716518914699756,-0.04124256117153754,0.051104561758828104,-0.14576959825988936,-0.20733438404074003,-0.20729661968300775,-0.08833389330196804,0.02941503366693628,0.21216228864871411,0.07040853310758809,0.13813709962072052,0.02686576577193612,-0.10767347986756338,-0.04563551136587781,-0.10388416789931812,-0.15444136305164163,-0.0789399198907279,-0.0888095987887602,0.03139404888567287,0.0,0.044045967887974935,-0.0038765345198760043,-0.17991605610956107,-0.16892949821810402,0.24939949767277927,-0.04072754298284122,0.09085504193178064,-0.022497838725462703,0.06884711584224011,-0.06439259203994845,-0.15827701665427882,-0.003984692510777831,-0.023002306265137554,0.09322812105129832,0.07244637523763717,-0.0036875715380573597,0.22971582222430992,-0.1396163517544253,-0.13938427998145964,-0.08372185205192083,-0.1209065306595568,0.04153282005637133,-0.00733557019581395,-0.07423566810941565,0.22903198680259937,0.03983805603307658,0.02369155715081445,-0.19025076129340535,0.11671738563364065,-0.23900335913270188,0.05694221846702388,0.09768697995696211
86,-0.01597890050035701,0.025093225205248124,-0.02918482345246132,-0.029767906458988722,0.14192664106902345,-0.18585977847922494,0.07986332934574752,-0.06398999148554342,0.17826946968808716,0.12748796836440526,0.10106145542688676,0.09785535924601432,-0.12610853358122265,-0.19556875418230077,0.16011385624766858,-0.170560905760151,0.08208208428504632,0.031000753527103492,0.004135679372051228,0.0586167019011241,-0.13432545589539382,-0.24724973137306325,-0.36322774766321525,0.09877932910837176,0.13785787984753903,-0.100359472795762,-0.1419476191582083,0.4070057210271564,0.1358792846605093,-0.2135580602834483,0.1063127589038772,0.15662431999685,0.06453772788347882,-0.4501391141405351,0.0743919115078214,-0.08013955475682089,0.1895268093306533,0.28753434063479466,0.07335277558115547,0.10361169852116124,0.17149410862340445,-0.0038949728531021684,-0.08900793168997312,0.13171892628421059,-0.21127196697341724,0.10105622941928949,-0.09756853877840936,0.04662638377840346,-0.41161764102605647,0.15672800029882178,0.22711007761221302,0.12849031153585203,0.1325766928449928,0.10634156972456753,0.044045967887974935,0.0,-0.15931835976638772,0.17349721114068625,-0.09029276434406802,0.08521097569681374,-0.17139606919753372,0.013255257220850487,0.40764146597613155,0.17374529439967487,-0.10929797285743824,0.008387250034031292,-0.1115021762915846,-0.040629883588263714,0.4528826545712961,-0.08232380908849798,-0.028972560064412123,-0.18941478045076043,-0.01803591590466696,0.11832943268915097,-0.23994313186651467,-0.19093549944744542,0.2668853613579542,0.0021416696134307425,-0.20782976571810413,-0.14678791946948838,-0.11130695039848992,-0.12558185966999785,-0.27562035970221016,-0.1045902471848891,0.044668339862056435,-0.12757937835773475,-0.2089143997264762
89,-0.19540405325863408,-0.14306677670247994,0.20716814899065492,-0.03435507773648748,-0.033991581765589855,-0.08713240112376087,0.041929831356834604,0.22319803252455367,0.049530522111269126,-0.11355686335614024,0.10147949943585853,-0.17251432550668702,0.06789260628605158,0.16441183173624221,0.07041575349344512,-0.13699360779394082,-0.15218266985928955,-0.08692189569520584,0.01292846208860931,-0.02915622660599594,-0.0031952550155761334,-0.029624768034383683,0.012027460676800994,0.24079521419877464,0.06873435970942016,-0.08954440719544313,0.19976193847776405,0.07887292061979977,-0.20425355187729807,0.1082968363154088,-0.08737980399776424,-0.2369495361364118,-0.1259508915094988,0.0186527197578257,-0.17926831480402522,-0.01409130277958937,0.16732106587202217,-0.11716086642372694,-0.0798200189468164,0.13027598366560553,0.08252696392793804,-0.0586465761239216,0.09148187157661003,-0.0799120616776602,0.034993588944148196,-0.26056750462377504,-0.08821355679749784,0.0033175282870517063,0.17962438144013743,-0.1267309277694896,-0.07499800657643302,-0.04370740540223736,-0.1081713101256754,-0.06343277204699653,-0.0038765345198760043,-0.15931835976638772,0.0,-0.20373168505667302,-0.018094225468762742,0.006579980901547237,-0.18964737432991602,0.27250809130908465,-0.29888556627118906,-0.005058837626173243,0.021522112803594052,-0.08443159952064624,0.026089417007017713,0.05049272851809982,0.06778799403437247,0.0529532108407968,-0.059909531319890456,0.04693115760325346,-0.1280603966048767,0.028980320779151626,-0.08010296401643897,0.18562682337474737,-0.1484284977835599,0.09509927060543379,-0.029873873835355478,0.02362360894463293,0.05412736853093082,-0.017049683876115666,0.17201129303645818,-0.20332287891329334,0.0410894838868166,-0.1789146569500513,-0.10139556143697627
90,0.19987912059122395,0.1550766300309512,-0.0728925762514308,0.007746021789652313,0.06282859268815379,-0.23067746370448122,-0.14335187368023183,0.023342766758464344,0.043774460538130965,0.11965591149932905,0.34873287209852394,-0.07894840316119657,-0.12111271443645563,-0.32788685080940744,0.34812171411297166,0.32709871407755914,-0.06285451490702194,-0.16120637315113398,0.21203758759391358,0.051833545059467835,-0.13909758096984468,-0.009159185472244636,0.017889176869592037,-0.36425769414557646,0.11256467738660869,0.15898125267239646,-0.13782782730590037,0.010981825442860579,0.3790377064616367,0.20187150138834772,0.2735094079372907,-0.07018723838275998,-0.055398884359463434,-0.18453221390109106,0.001770648068051375,-0.0533776398316103,-0.10878806173872266,0.14448201196505644,-0.23530750487296725,0.08038571632063013,0.06019143280677307,0.2089956222235293,-0.1574795241821935,-0.029736876574419396,-0.05561750249412795,0.3010787522440066,0.24176138417212,0.03284037562441797,-0.49288763406136465,-0.059421980613548725,-0.20129120640776496,-0.05593600852688913,0.2166267963775836,0.03694373264872181,-0.17991605610956107,0.17349721114068625,-0.20373168505667302,0.0,0.19789805363948854,-0.3243133151724142,-0.07883812656635023,0.20633429783893517,0.3083804836676174,-0.12118904231473314,0.2615074590157066,0.29854065201450225,-0.351644908301412,-0.134006930030734,0.03413606337340069,0.15337965972845397,-0.02273321060603926,-0.13237543707227892,0.2206287701872098,0.21413132994695924,-0.2767800716374686,0.03655340944460808,0.007281576636722108,-0.04538769650448583,0.02313446729955395,-0.14567322645681352,-0.1433204719385611,-0.059111149400897345,-0.13637014237558517,0.16582419077158334,-0.039469425910643986,-0.12043713751616011,-0.14670617808420042
91,0.2973887161372566,0.28622059481896783,-0.08223675671337805,0.2203076336124711,0.10135972475377723,0.01643346637011602,0.05610023353405575,-0.22898235044041548,0.02676166202855611,0.0970195119631093,0.21030261505815911,-0.12599921051066382,-0.1710942401716729,-0.21163362050029824,0.15229750834118483,0.1371754873557495,-0.16144017737212993,-0.1592399658627106,-0.04171545497432019,-0.11921852482749459,0.12724740389632247,-0.023141755272312183,0.3967064103357867,-0.04196593912753591,-0.09791959081009824,0.06255214096464158,-0.23693373710055737,-0.3005382206424974,-0.043462943031525716,-0.06182577556393911,-0.39389621859885376,-0.0851145957866262,-0.36322223303629886,-0.02435537778571927,-0.3454265455373775,-0.06436600735706322,-0.1872694576759779,-0.1524537939284828,-0.19813791325372626,0.03374281532695772,0.07585501746500851,0.08635460971954133,-0.16799492671620905,-0.12224290367432115,0.1374394105458025,-0.08944561443139144,0.18854905714086265,-0.35694000778577367,-0.11482994846549043,-0.00032779940062068537,-0.03769899558126724,0.17709783675134566,-0.040764679813412794,-0.2521357325644403,-0.16892949821810402,-0.09029276434406802,-0.018094225468762742,0.19789805363948854,0.0,0.003960880040082837,-0.04647034034320879,0.13909992247362954,-0.2502105679496902,-0.2110327860697763,0.11509341953309352,0.301807948329591,-0.031996101782869,0.02985863274693675,-0.06652024488677277,0.24756491451373053,0.08360220037923209,0.2555104610377541,0.29766058725129874,0.06954838504158219,0.3764734673991757,-0.019026250907465566,-0.34790089632087773,0.005943376868894036,0.06455214161835672,-0.2768513951225703,-0.04213839833285354,0.48090734388297285,0.028156186338208232,-0.09904906372196293,0.139063486432005,0.15862862904990033,0.30832314814054546
92,0.0037972688015686044,0.20577978674576877,0.1018713628879818,0.024238404119542867,-0.10706440835257001,-0.06712708933725683,0.03931048773029688,0.2564411117579713,-0.033808528318040966,0.13717216663826773,0.09548870899124036,-0.005958184549599839,-0.12089889370438711,0.20735565081818264,-0.31483091401688107,-0.17035238529576888,0.15359589655929456,-0.07681467661867382,-0.06486092123021614,0.18017357028953895,0.06048719932468153,-0.3617367547934513,0.07868939625656987,0.07673076507368502,0.1452939153750143,-0.19619778838582957,-0.024244894914351507,0.04374263184798786,-0.3086527000339968,-0.31291377985977087,-0.21693183056405344,0.06108193404147631,0.2904523022300426,0.026627036363447976,0.0484048015850488,-0.2226567313756867,-0.01676847981933769,0.06550953708936882,-0.16342855510435259,0.02049082764686886,0.08394270339682096,-0.2754380719402847,-0.08567590993992047,0.13854501005455827,0.07305351419343017,-0.18133560042667518,0.13032626276174117,-0.07390661221218107,0.08599302334876185,0.09877287918008243,0.16621439211885802,0.19703301107381987,-0.26676146129282563,0.0296826486027597,0.24939949767277927,0.08521097569681374,0.006579980901547237,-0.3243133151724142,0.003960880040082837,0.0,-0.3339773877557677,0.055004837396500084,-0.19796618670203692,0.01930705191112873,-0.018258922271717857,-0.26675568673398226,-0.008323933884993863,-0.08437958893580899,0.20414975614039746,0.03206676481346562,0.06713996220586972,0.37444556171476157,-0.14134189358597057,0.1302665328973271,-0.004214700921536803,-0.048688615452401066,-0.05535858842551165,0.007612490930357829,-0.2241346171856837,-0.19664371577275108,0.1465448052285257,-0.1365297316911071,0.011633513180324002,0.1360334386999003,0.038172168238009764,-0.1057782325617223,0.11079578189162288
93,-0.027954048411693175,-0.32299650248189354,-0.14065357778447884,0.23515317843598765,0.3096781370742681,0.029180537393985864,0.09493811976243571,-0.4200352181957306,-0.14560093774810584,-0.07531338274217113,-0.12702227447794678,0.06908803686009676,0.11187385458595825,0.053088099788611606,-0.20744994935038058,0.11522717514293589,-0.04598456592494626,-0.14476664591409352,0.01919344361101431,-0.10808970812910253,0.008424028521225575,0.1487738169533534,-0.04270517048299729,-0.1560520838162346,-0.3137595071436371,0.0008971525368404752,0.10138627043508093,0.05367403177926194,0.11971854563462184,0.1784496068216069,0.07039637872259603,0.20939152849341236,0.03698114402035014,0.0963490299840906,0.27481243980639175,0.039286507126434424,-0.3631711930004685,0.12477565397637053,0.1931928934574685,-0.1950843248484504,-0.1604727540422003,-0.08306712446274464,0.17660006440068174,-0.1890054949690496,-0.025182840487806012,0.21987780023514322,-0.13840448198433566,0.16469455753789056,0.1107920654772828,0.01535341141411475,0.04180126417810778,-0.02280916560260581,0.22959067002391997,-0.23881043812005712,-0.04072754298284122,-0.17139606919753372,-0.18964737432991602,-0.07883812656635023,-0.04647034034320879,-0.3339773877557677,0.0,-0.05686553233266647,0.20353060330397604,0.23364725462862793,0.1292850350685098,-0.09587866807802908,0.26291831600723287,-0.05592039168933706,-0.12434537012191722,-0.028965507420348677,0.1360019243320719,-0.22525891986074353,-0.0753022393174449,-0.026363802654831524,0.3303266893292574,-0.12861581379374873,-0.00412811564627738,-0.017908849937825978,0.20472761967337705,0.13832773136408363,-0.14010481695599317,0.010827652958411555,-0.061803164270404894,-0.2014027355330064,-0.26594226076873473,0.22909831687503956,-0.2393812701266741
94,0.018688559586098132,-0.07622842669453218,0.3003870262624097,-0.04853452741293193,-0.15482098465299188,-0.31247381780929534,-0.17267623311436248,0.16297328590306878,0.27256221249246254,-0.01550417333533413,0.10262900276298396,0.0566721060231403,-0.03473317311093872,0.06846299318350858,0.14891355703441841,-0.09468917534036543,-0.05836469368579254,-0.35542122121537956,-0.062350718828707366,0.2088954231399013,-0.19828704444262008,0.08289506163999243,0.12477419777267681,-0.31696290588643,-0.04447687754083976,-0.08190098644111106,-0.14576784837009857,-0.0679617616717995,0.11486384285732927,-0.07661820319121278,-0.38199463159216557,-0.1851607984534892,0.10978223549985963,0.048718408622075514,-0.21618250742163508,-0.06443445321927432,0.023955639455478104,0.08165406762106833,-0.23658311782061356,-0.09330812570737597,-0.08554934553053463,-0.0428198422160373,0.07287536773588373,0.15094508368320783,0.060209024420202706,0.056490464144295455,0.4357531036821333,-0.039981299861671545,-0.18188539443751078,-0.06901286036154534,0.09613662092358306,-0.06977052141010742,0.2299272002173263,-0.11670946322471315,0.09085504193178064,0.013255257220850487,0.27250809130908465,0.20633429783893517,0.13909992247362954,0.055004837396500084,-0.05686553233266647,0.0,0.06503008368216366,0.09627269809067983,-0.07117617291104548,-0.16703865466559445,-0.33625436012177795,-0.1288463126342265,0.29608328896030356,0.3230200628743994,0.1210261189594698,0.22779126866634822,-0.048745497481823954,0.40789495386402025,0.02959205639784768,0.10302302685201538,0.05053034735052963,-0.15445414220492956,-0.02218322520897939,-0.2805832993072939,-0.22940870528882126,-0.0103561002269117,0.06646968058511465,0.09530920102780166,-0.08771093435316885,-0.007238369340284565,-0.030405788696854903
95,-0.17115878793011222,-0.1486473657416661,-0.27592022744775485,-0.021563637031283965,0.34720768543049574,-0.004437516109909695,-0.12197957730530162,-0.13892303028214364,0.2585357546826864,0.01831422617033113,0.09809583999278305,-0.007259365013371279,0.03238911867796279,-0.2545999483305912,0.08283519594938378,-0.04454409589481428,0.009095789779658123,0.014166446058329969,0.17235319707193217,-0.15947184738935397,-0.08191034582587797,0.15408611662692578,-0.2760076088928649,-0.09379039135012987,0.12353300275485173,0.043268456639603874,-0.21073650041266875,0.078379351393663,0.48919342837108115,0.0662742758899097,0.17533238319235459,0.1576288265229849,0.30279418619209975,-0.2952468207678097,0.20860039746713155,0.11167315229290552,-0.2116233091214637,0.18338465540551044,0.10170233006811744,0.08329877843887107,-0.1990392495246395,0.1238455992741559,0.011668420180530518,0.02765722935741921,-0.10466381375479113,0.10525763966895578,0.04179679807780956,0.09143118205504078,-0.2357193186095223,0.012198913674463633,0.20316970212942795,0.10340735430615887,0.1449480782115151,0.14408781628338402,-0.022497838725462703,0.40764146597613155,-0.29888556627118906,0.3083804836676174,-0.2502105679496902,-0.19796618670203692,0.20353060330397604,0.06503008368216366,0.0,0.17549290888097038,-0.10612316736037361,-0.03829516978100601,-0.08875455111280807,-0.15856013846696618,0.13987195829379656,-0.1595789564792568,-0.018579349131628127,-0.2188258952550267,-0.07241898536127525,0.11075744185666309,-0.052144195565030686,-0.14711364797444956,0.3428218917098368,-0.17444133020037544,-0.028598797257798698,-0.07708538830584863,-0.09675800513123314,-0.11338237143062123,-0.1953303415732962,-0.12434953850194769,0.004352418568978038,-0.17706396823017317,-0.3646995074476972
97,-0.24194318929361736,-0.13248569981242853,0.15617734548032397,-0.13108240559261783,0.0722436049307269,0.09841743885760124,-0.032983713340493576,-0.0074474634341673935,0.021467250170254967,-0.14544754292910914,-0.22788176434017385,0.11716294363474042,0.18356470628650873,-0.03507936311672935,-0.25125129421068104,0.04143659652593113,0.17445914613743377,-0.0975793758262089,0.0464127646110611,-0.11862671895854167,-0.18639229256856493,0.006364145938639561,-0.021692804340431356,0.09083060537756886,-0.23229531084423088,-0.12710405016597476,0.005755126085183161,0.25580752340564356,0.12237353797890084,-0.04778044614498428,-0.12638567804239426,0.1363567395415888,0.0930408653091632,-0.17473704324066475,-0.06696459286165324,0.19135878972256518,0.08059724356303528,0.1987771674212441,0.014417168212039167,-0.08173292409753014,-0.0782789740608333,-0.2976172431427561,0.10934202065779451,-0.033447306011747883,0.018397614952101255,0.10829028859302609,0.008880327995882498,0.2884425926930938,0.06179839674756673,0.10241205424884554,0.13480967823421014,-0.029567613753039748,0.2111611109933941,-0.07889211584881611,0.06884711584224011,0.17374529439967487,-0.005058837626173243,-0.12118904231473314,-0.2110327860697763,0.01930705191112873,0.23364725462862793,0.09627269809067983,0.17549290888097038,0.0,-0.2215666715724954,-0.14603318893676565,0.12279036138193274,0.030816983976143394,0.35396462738142626,0.14317230041886975,-0.018009573685363316,-0.28942598208656845,-0.1334884995510045,0.0002896966369967442,-0.111570700079259,-0.05588432851812505,0.2854427641926293,-0.1594934483450234,-0.2042187140698399,0.1849845927221303,0.06254267439309956,-0.16780462091419404,-0.196858624484804,0.04699690533112872,-0.18211132975596248,-0.11990993234502179,-0.12400469275797558
99,0.08629104841720625,-0.07800415881739198,-0.11260318864602785,0.47898716819217835,0.16024337056676322,0.02892980765949365,0.13093933965650156,-0.20052311581265128,-0.18333966758316986,0.12008116358606127,0.18825885015779606,0.07445343202554482,-0.03121942212518738,-0.22816003797657045,0.03543930811193376,0.2123331804190094,-0.03079907583434295,-0.035614788889963694,0.10933214175212969,0.14083012679435924,-0.017932467726590715,-0.07610378309262487,-0.13772153525733746,-0.07529617402772022,-0.021605357596193683,0.11245296827634714,0.1618177415345567,-0.030671862013430192,-0.0036978071096944905,0.020875180165172844,0.12891654355940715,-0.16944581411807605,-0.05718785257777558,-0.13462842449734824,0.06352801182076569,-0.2113082917409476,-0.07450160350037976,0.017593005081775703,-0.17062400248934903,-0.09485150855896843,0.19595391879383292,-0.12143806775706223,0.03732730769808851,-0.03694651647814175,-0.0038305307161654928,0.06672049340133822,-0.14371739256014524,0.03821177308788356,-0.08160621433869504,-0.16041774100952536,-0.1381593667043315,0.1765862081963053,-0.03734734888911233,-0.09305809189530549,-0.06439259203994845,-0.10929797285743824,0.021522112803594052,0.2615074590157066,0.11509341953309352,-0.018258922271717857,0.1292850350685098,-0.07117617291104548,-0.10612316736037361,-0.2215666715724954,0.0,0.08009572974130225,0.013849364345902818,0.046431318214720824,-0.2444433469920133,-0.1941620102994606,-0.040550072663639775,-0.05168504180455482,0.2130685728485806,0.0009086778901213219,-0.06466489577597787,-0.08599335329485983,-0.17131993385807173,0.13749989327484716,0.2204916906419729,0.07360973936587163,-0.18481988709955877,0.07892341770098503,-0.024614163622802793,-0.037286683232995145,-0.025285286313512886,0.08236277282350415,-0.12176333230967552
101,0.33681839139431136,0.03084315789351151,-0.30694717439045044,0.0487829136454853,0.018121076349459905,0.08769756898270356,-0.0187610587121602,-0.2547373170723221,-0.011864676679326953,-0.18425590579256554,0.2906622768422963,-0.010166063333507055,-0.3003110325086263,-0.2515966732955302,0.2640013475678396,0.261875952150458,-0.11883667577316048,0.17869259095862208,-0.07567273856509438,-0.28888840239473684,-0.021727144468135114,0.10664153643409723,0.0079467885773183,-0.12742571314456494,-0.07568171716250001,0.15064100556262638,-0.04425930753014178,-0.28310560939369067,-0.01622425093453119,0.24530976182670838,0.12907763953673818,-0.12184924710114238,-0.19842775999216358,-0.07920282757065211,-0.29963040805268604,0.2170387705164641,0.04639479187189334,-0.22692624849634582,-0.05661014983775851,0.2337198480045408,0.017909314362751377,0.15937888725101093,-0.2558716084787058,-0.20603401670396135,0.22691074976260736,0.0074859999904811235,-0.14406361548104654,-0.007845053233654161,-0.23816712736319637,0.008920555384438169,-0.11115372167003011,-0.14708983566339257,-0.17213122692139166,-0.062082295558871306,-0.15827701665427882,0.008387250034031292,-0.08443159952064624,0.29854065201450225,0.301807948329591,-0.26675568673398226,-0.09587866807802908,-0.16703865466559445,-0.03829516978100601,-0.14603318893676565,0.08009572974130225,0.0,0.0074745300232526264,0.011238646847384801,-0.29280518950767753,-0.10231446131813819,-0.08748346547324536,-0.1125085809669659,0.15968918764747994,-0.3152544834908139,0.20291966479694198,-0.00606648621926469,-0.10805501884484514,0.14321373165724466,0.02201924958556044,-0.05002147319630081,0.012231134191447725,0.387733821256612,0.031628140909178606,-0.060406831528127286,0.23588971214661864,0.09037842475443324,0.1908654360185364
102,-0.1425896027845505,0.0686073932423861,-0.14683263857665618,-0.03241408558674437,0.0036005363837591634,0.20457924215564707,0.1972322699188105,-0.3647669196898449,-0.09775145288130324,-0.15035769763648063,0.00788528261636345,0.10882636047558325,0.20978425498909262,0.11781034305175245,-0.13546318841883784,-0.1288872592949256,-0.20424261217094092,-0.02745737091580956,-0.28188035429127845,-0.08694701928794629,0.041131546653456655,-0.07000536770896126,0.007580948538917636,0.002926326728350175,-0.0919883503865917,-0.1545615641442703,-0.008641150646930712,-0.0023549770899903757,-0.2301753551679794,0.10459449167833712,0.06757712391704188,-0.048924836454,-0.02154359222861213,0.2212041054038912,0.10357027170068892,-0.025225054934549223,-0.008867098195192234,-0.11140802301927588,0.19277547520467772,0.217863793223827,-0.2566752341455652,0.15697720169163504,-0.06182758902927554,-0.10922598007052335,-0.11665941741609587,-0.1684517864042077,-0.2789500853010461,0.11322614712060956,0.5572342806834445,0.277363128062262,-0.008679849625963009,0.03724607631091923,-0.1794217418877792,-0.000524675284505269,-0.003984692510777831,-0.1115021762915846,0.026089417007017713,-0.351644908301412,-0.031996101782869,-0.008323933884993863,0.26291831600723287,-0.33625436012177795,-0.08875455111280807,0.12279036138193274,0.013849364345902818,0.0074745300232526264,0.0,-0.006039023938500478,-0.18946876550174074,-0.2075999265612478,-0.2203581729301346,-0.02414513184797714,0.054899982821940724,-0.1571811894538079,0.20755277271843314,-0.17396923837751388,-0.3804782059432111,0.09330325582741171,0.13821092731876394,0.10059993140892326,0.10219885511070262,0.14907202208523465,0.06569430866136663,-0.3198622212331365,0.06340755369860138,0.005167274384200753,-0.06763431337653973
103,0.04990347523339738,0.06485181874242257,-0.14881331713120566,0.2430350082538546,0.12743304783421017,0.28023335643939323,0.1590552758203394,-0.11192147576122718,-0.22276058632053686,0.06486810377070047,0.07600305267757411,-0.1736388839543944,0.02701949381767023,-0.160169955209701,0.15184967058734078,0.1197562809990368,0.07830658198070355,-0.06807167619920708,0.15500854752197768,-0.028887411909040657,-0.06793066568542962,-0.2825481274792038,-0.05240316205878551,0.12299192089560967,-0.08231160941848176,-0.2941459857148527,0.10741925155116569,-0.06894946947062065,-0.007712466720141041,-0.24360051106660088,0.10459497138565657,-0.16815516094956073,-0.17882376824709864,-0.1425034082347106,0.060948975598386065,0.16698664466437352,0.07505523441866954,-0.18687812153858496,-0.25597695520109337,-0.06313087348463259,0.12196066712217808,-0.03767641210769499,0.35687686830395515,-0.02913544284181609,0.1338252670644527,0.01161862114662656,0.18883665568668728,0.1453213084993504,-0.019633303040325092,-0.3350810943149335,-0.17186567311291945,-0.022744770489616668,-0.19305410111653584,-0.0017871981848394366,-0.023002306265137554,-0.040629883588263714,0.05049272851809982,-0.134006930030734,0.02985863274693675,-0.08437958893580899,-0.05592039168933706,-0.1288463126342265,-0.15856013846696618,0.030816983976143394,0.046431318214720824,0.011238646847384801,-0.006039023938500478,0.0,-0.18819696760739982,-0.10681803077251138,-0.03596265917669802,-0.190937928191739,-0.0291602614898482,-0.1548786256300386,0.08514014557288357,0.08382055827532951,-0.0368462458113236,0.21326050780398462,0.0013413992083391032,0.0398649364949972,-0.021585303021307404,0.0789906053278252,-0.12124438011430762,-0.1566780679581248,0.0687624072023591,0.05376809586222191,0.03353079029850429
104,-0.07702099734109101,-0.03408779468712948,0.19419426056889644,-0.1711532728534706,-0.2113432339074337,-0.020952468981959176,-0.06202758077674422,0.1561812368051873,0.1365198930670628,0.07569959668949502,-0.13986609550284937,0.04454858217825314,-0.06765679820844628,-0.031666350242496116,-0.014617870082164997,-0.0584489671005586,0.09683640333504791,-0.009651653335571633,0.061302616605159004,0.1432086853767853,-0.1886747085890293,-0.0934849417467925,-0.19871032563763122,0.022029864132939295,0.07523394413854215,-0.3441160868939287,-0.2343205069310712,0.39926046794359404,-0.019130955514964725,-0.2608198254534383,-0.09000396092257526,0.2655130526824579,0.2217528419226149,-0.1335213118371874,0.0254226716903228,0.04827976192502248,0.12222538390780241,0.4112066912486415,0.031159136035344127,-0.03897598804910916,0.05588512063857618,-0.09873441097852134,-0.020895673768590257,0.23373169230565707,0.028539243372086597,0.12996141820033574,-0.05510327259229769,-0.10717062314294933,-0.08781555309881257,0.1442464862934269,0.235592612492825,0.1473812338430876,0.15802545761730172,0.043720510574914356,0.09322812105129832,0.4528826545712961,0.06778799403437247,0.03413606337340069,-0.06652024488677277,0.20414975614039746,-0.12434537012191722,0.29608328896030356,0.13987195829379656,0.35396462738142626,-0.2444433469920133,-0.29280518950767753,-0.18946876550174074,-0.18819696760739982,0.0,0.29070209408763015,-0.05654372713867749,-0.13378621319572884,-0.02765464701406718,0.21521116641911722,-0.2360711957645597,0.04672733310175662,0.334415736509326,-0.17217971779560862,-0.22508133215769746,-0.16333206233887212,0.10142541661129771,-0.31137367630120666,-0.26585263140605925,0.0037974830430228894,-0.30308803195757394,-0.12196149220558936,-0.1039151906923565
105,0.024840038517923917,0.030630517552043563,0.22830563379369914,-0.19067785937733445,-0.13421819098931245,-0.1426243068995209,0.12079602579023091,0.11559828620965597,0.11140808374807015,0.24414931534924078,-0.004744837464090526,-0.02127674423077137,-0.0920957167321186,0.12389246423644898,0.1831481280450887,0.13811897353304883,-0.0042890757985112795,-0.20618435254788767,0.13620400496118337,0.14621551501025817,-0.25736224184187767,0.04633666558205976,0.2757270542006039,-0.004819201703684702,0.05898631526581928,0.05085973976398082,-0.19953943358020776,0.1562535862760871,0.1552763056164862,0.030857491681662595,-0.23347344812980456,0.07573413917883451,-0.031163069837279594,0.06951438253817838,-0.07065877758482673,-0.13424063234579953,-0.12583117744607156,0.10723168013056272,-0.15012833231604725,-0.20156211237661298,-0.22235704905393155,-0.1344304083011894,0.1050183462767434,0.1410517162282731,0.12059921469482315,0.1955667313838667,0.3058986383677255,-0.16575461796788965,0.02990328153575809,0.021800069576112246,0.12740926400203967,-0.09669470944940957,0.11381643451723364,-0.07953430100689579,0.07244637523763717,-0.08232380908849798,0.0529532108407968,0.15337965972845397,0.24756491451373053,0.03206676481346562,-0.028965507420348677,0.3230200628743994,-0.1595789564792568,0.14317230041886975,-0.1941620102994606,-0.10231446131813819,-0.2075999265612478,-0.10681803077251138,0.29070209408763015,0.0,0.23970002649953326,-0.07430788265220968,-0.02052738748177512,0.31464869877951,-0.09315944174402647,-0.026776027455651514,-0.026069673703146362,-0.0801573481743817,-0.02816333921146114,-0.20082759631714078,-0.16575636438101096,-0.16247391056680005,-0.07384729993279317,-0.008892428642084704,-0.16455160272511096,-0.1512153190603645,-0.11647761123294877
106,0.1348495427017492,0.1963258933054116,0.03648499889054226,-0.1113290075803737,0.17321809207866265,-0.33976202014049905,0.10443296599368551,-0.060393026390025466,0.04389068774110067,0.17883048409686372,-0.08282437515601164,0.07078348671312075,0.009254771561108929,-0.18765231133186142,-0.05443686402757558,-0.2761323922835105,0.12736441868926726,-0.21081380642931094,-0.18797487179782046,0.11929096390210345,0.11602034421538884,-0.19571489044124632,0.12784180764771866,0.03269178127787535,-0.04948461459244997,0.12055393277109279,0.19825359129881626,-0.0549262336354449,-0.09129597257488138,-0.11675990823550186,-0.16005731387957317,0.11147736798216762,0.006389229768434152,0.05998701690328301,-0.03170259350055881,-0.2954709174404282,0.15471431452785395,-0.07967802785255333,-0.11711910493766782,-0.20304745565288113,-0.016025503329437838,-0.14587322138714948,0.05722233671511153,0.10317406269344781,0.19943278987388727,0.36989889832688366,0.28942716855977246,-0.1836959285448263,-0.0566644308388151,-0.0926527637403853,0.05778592327469401,-0.2080663342117139,0.08990630066619251,-0.33822262474943976,-0.0036875715380573597,-0.028972560064412123,-0.059909531319890456,-0.02273321060603926,0.08360220037923209,0.06713996220586972,0.1360019243320719,0.1210261189594698,-0.018579349131628127,-0.018009573685363316,-0.040550072663639775,-0.08748346547324536,-0.2203581729301346,-0.03596265917669802,-0.05654372713867749,0.23970002649953326,0.0,-0.04512606680567603,0.002704703010283845,0.01187769102792279,-0.05786586039997084,-0.06355921042661197,0.00036778287638570157,0.19825811702088075,0.11627738776745143,-0.03971878839812617,-0.055095195578500254,-0.047204124526909676,0.09449868011494313,0.10193343553069446,0.16791611892784178,-0.17926146755868896,0.032362936600053356
108,-0.0872762216989804,0.1737195203337957,0.11249269641664782,0.10916698517492061,-0.29277161739776925,-0.13003146840018814,0.12018512031330945,0.20381532977230774,0.144099920515319,0.06546090879096475,0.013484411875390557,-0.1711537179791441,-0.1724927865006841,0.19561350323912155,-0.08992823215705874,-0.37416693160544934,-0.17337967949875852,-0.14099424329433863,-0.06534999850135004,-0.037039284477940644,0.3714317079407354,-0.022071784443669067,0.19921150311977476,-0.01071054472470849,-0.061026507621949604,-0.017224113584082566,-0.043379587735002396,-0.16610833536750366,-0.21374546126226207,-0.11158322392234256,-0.22286801559961966,-0.06555397065218166,0.07154702121126935,-0.035085371899580525,-0.07075743660498565,-0.09985064200455075,-0.04275306121255505,0.011233088749867977,0.08785045081045761,-0.08968155072791505,-0.029372561696065443,-0.011349972255034313,-0.08912301833385602,0.024180559631140196,0.175980236025418,-0.3415725459822061,0.2880511345073311,-0.11798128181739437,0.11294476560679274,-0.04071620746632821,-0.029031154024123595,0.16738407988028872,-0.1719576656782869,0.0846445807062858,0.22971582222430992,-0.18941478045076043,0.04693115760325346,-0.13237543707227892,0.2555104610377541,0.37444556171476157,-0.22525891986074353,0.22779126866634822,-0.2188258952550267,-0.28942598208656845,-0.05168504180455482,-0.1125085809669659,-0.02414513184797714,-0.190937928191739,-0.13378621319572884,-0.07430788265220968,-0.04512606680567603,0.0,-0.12449746973208074,0.18134024928722672,0.20021369379197004,-0.21692248804874148,-0.21118579498707807,-0.25478379111167637,-0.10030258058779407,-0.07921618889369178,0.019969131680409983,0.20626412855588358,0.16871376690047077,0.012305433166228865,0.23020288463128907,0.07871853256148378,0.2641988655974484
109,0.0742761478260297,0.1977165042384439,0.013324470231723194,-0.08348509064904185,-0.04923909054267643,0.08417206435171483,0.04396309565163609,-0.26329750809147934,-0.07644113797456586,0.10608236100016387,0.12491926151171458,-0.1317401617206978,-0.03267378229053031,-0.2062716134373192,0.0871374255836208,0.2008080979360024,-0.08861215719395528,-0.1864191076078336,-0.2839978837778864,0.15171685534333057,0.086562965376406,-0.02059297655359908,0.19412492526044636,0.029736786516371187,0.20646550163728777,0.17573449410727637,-0.07063088108422252,-0.14862761782215644,-0.03014099651416635,-0.11588060449006019,-0.0453685691403069,-0.16541052179467577,-0.10826475113892392,0.0231818334002226,-0.193745307848081,-0.08014340340942733,0.03881854053647019,0.08900870051331898,-0.13434308811657045,0.08221035476399423,0.2134841426490344,0.06838082179893884,-0.19118413774535412,-0.042324773488184135,-0.12568769881812425,0.2891281314727454,-0.2138362279176309,-0.26081740025587175,-0.02846708064865807,0.1704960793732574,-0.09172383510340897,-0.1378311749406087,0.09537460236047227,-0.2765175002791297,-0.1396163517544253,-0.01803591590466696,-0.1280603966048767,0.2206287701872098,0.29766058725129874,-0.14134189358597057,-0.0753022393174449,-0.048745497481823954,-0.07241898536127525,-0.1334884995510045,0.2130685728485806,0.15968918764747994,0.054899982821940724,-0.0291602614898482,-0.02765464701406718,-0.02052738748177512,0.002704703010283845,-0.12449746973208074,0.0,-0.011745777855897775,0.1129074080643819,0.15239968498541448,-0.13775686516506971,0.038991211195567636,0.19383523940604758,-0.08157354793609811,0.1827655125388123,0.24282325852940198,0.021250171139312046,-0.027822757055265317,-0.29090038308015354,-0.03218906735362955,0.16889256846578005
110,-0.1597784176218526,-0.032962382297138486,0.3361304342747596,-0.064691472204876,0.1881318955617021,-0.2613775463249407,0.17956167139673312,-0.008628148696642923,0.2721091963351998,0.3928558049520664,0.04656199896619511,-0.20085938847446677,-0.014523479191144368,0.21739341072624252,0.02207532555330922,-0.12484436870978233,-0.0780257372213488,-0.40410268134614724,-0.04435391895651461,0.28313520740596165,-0.15044916695704447,-0.05672145345238856,-0.0927805701714111,-0.1010939913372399,0.21150162956194266,0.2060273707400614,-0.07717565320629989,0.23712196757883708,0.1421788979154923,-0.05758465008602815,0.002810372487845511,-0.15095926150623948,0.0008518884397370738,-0.0390604982788387,0.3608552903696463,-0.3250708959106139,-0.1813889172634803,0.44662570617477815,-0.16876554770111485,-0.2032551556607404,-0.05778640463682109,0.01081266080810576,0.21964259444340595,0.2371573815912207,-0.12650683547436062,-0.13009931390653054,0.23238990217317188,0.2045916031255415,-0.12390367751803344,-0.02320522847141392,0.35997996411918753,-0.01794138860051977,0.0856843701899352,0.08733358720031963,-0.13938427998145964,0.11832943268915097,0.028980320779151626,0.21413132994695924,0.06954838504158219,0.1302665328973271,-0.026363802654831524,0.40789495386402025,0.11075744185666309,0.0002896966369967442,0.0009086778901213219,-0.3152544834908139,-0.1571811894538079,-0.1548786256300386,0.21521116641911722,0.31464869877951,0.01187769102792279,0.18134024928722672,-0.011745777855897775,0.0,-0.1670010998949904,-0.07549082757184378,0.06524790530488948,-0.21145113969631696,-0.16111878118939743,-0.22291693279524705,-0.2739572293895577,-0.16270586591399727,0.009646607218674141,-0.10087364369832508,-0.03546497817116546,-0.10978070038689364,-0.3203254414596048
111,0.18609856468347555,-0.14201035707948753,-0.03795119682467927,0.2347433506981982,0.06858004271527993,0.126521814250043,0.10510712655685496,-0.3782166797484386,-0.0328968290232996,-0.1657109537634761,0.13510443264101768,-0.026687772478472437,-0.047746052668445074,0.04499192464164672,-0.27939208299065743,0.10125913552781217,-0.1565259280410011,0.08503234284758543,-0.0052862476843767246,-0.22062238210540056,0.15963468375364837,0.2372282669268105,0.16173077555894408,0.06451518639949826,-0.3163889336374982,-0.09513739295081405,-0.270441185536353,-0.2660332124875427,0.06005230666263958,0.10046925812849303,-0.14688108769852043,-0.05892709290983132,-0.03317050789659764,0.08172854295093343,-0.17944664754904333,0.011865167958187706,-0.3078363951102655,-0.08308847633922575,0.055916971785224916,-0.02767359687073036,-0.24232727442432928,-0.05364048682612781,-0.022516260538623885,-0.22646309985697152,-0.1074589174758369,-0.06375209974553261,0.013287541369684734,-0.13783062625601056,0.08147550978695312,0.18719495204065642,0.23962532443636386,0.07494984710540317,-0.05034320389995944,-0.19629145788257737,-0.08372185205192083,-0.23994313186651467,-0.08010296401643897,-0.2767800716374686,0.3764734673991757,-0.004214700921536803,0.3303266893292574,0.02959205639784768,-0.052144195565030686,-0.111570700079259,-0.06466489577597787,0.20291966479694198,0.20755277271843314,0.08514014557288357,-0.2360711957645597,-0.09315944174402647,-0.05786586039997084,0.20021369379197004,0.1129074080643819,-0.1670010998949904,0.0,-0.07734384241834864,-0.16269502769587016,0.000312516635780859,0.07582884702667152,-0.2113469239638749,-0.14674166405259467,0.3377856480316868,0.08510893798339048,-0.2712534275950984,-0.08302084023376304,0.34529865283934286,0.26513985748550917
113,0.3481245774557193,0.12044163877925915,0.15755471220492528,-0.08210109564764358,-0.06482567566833275,-0.061591888480478134,-0.2948453988178393,0.1066478414423425,-0.28184578201419686,-0.1102863237358252,-0.0045910225498190654,0.0043549925131824135,0.04976264861523908,-0.08201330834480147,0.00914225118784916,0.14555314418010956,-0.12023317501281398,0.0336118200330462,-0.1347245289136176,0.13429978092077255,-0.18821122508458263,-0.0035786950423370174,0.16021129463219613,-0.018783717629936702,0.07998373872871223,0.0910340589346318,-0.028188877495269105,-0.22068349981726507,-0.021850837655369677,0.21121022151330718,-0.1515975051087445,-0.12217316755260077,-0.07438029756667833,0.28870524938683256,-0.24775996233564726,0.21525863283524638,0.2599446750790713,-0.180346612378891,-0.26146649102154074,0.021654056100297962,0.08323223824008856,0.11504657969308639,-0.18796470585143588,-0.06575554469522073,-0.05743443559958251,0.12496479708806146,-0.04588929411253902,0.14811557589060845,-0.10944524969256218,-0.01689996070281576,-0.13293062205886993,-0.31795215055013837,0.0036374022997033174,-0.16052550299487,-0.1209065306595568,-0.19093549944744542,0.18562682337474737,0.03655340944460808,-0.019026250907465566,-0.048688615452401066,-0.12861581379374873,0.10302302685201538,-0.14711364797444956,-0.05588432851812505,-0.08599335329485983,-0.00606648621926469,-0.17396923837751388,0.08382055827532951,0.04672733310175662,-0.026776027455651514,-0.06355921042661197,-0.21692248804874148,0.15239968498541448,-0.07549082757184378,-0.07734384241834864,0.0,-0.00669771592161798,0.23631858864454447,0.2254094084313885,0.025047773651264878,-0.16923762115049623,-0.04471384718216857,-0.07650591668323536,0.17627898887335774,-0.09016921845055494,0.07278733315763578,0.08924065296268256
114,-0.18660840499718623,-0.24908123228846182,0.1918083903192504,-0.13370262302839567,-0.04166108805435747,0.07480752040105057,-0.18323552501035156,0.10899874789794571,0.058324671946090555,0.029488086061898375,-0.2526149282054674,-0.09789712886555413,-0.11712111493028486,-0.03768379883136412,-0.10170667175800056,0.09916116679810359,0.40388615530535393,0.08793880318380186,0.29726098023134345,0.10766404361020951,-0.15931866922953264,0.19689732047006595,-0.21738904947523227,0.08994419905233407,-0.027737551915762253,0.053245004684297846,0.16768890659764316,0.14022805296685217,0.22493211492585768,-0.08899513210146671,0.08226702352982058,0.35363572536183574,-0.017421091242182985,-0.2160966861895831,0.06532794538355002,0.1395222305555214,0.052060882074359084,0.04137108130259925,0.00035966048719652264,-0.18276143140646584,0.0646101109571213,-0.21368323778377998,0.20661064646170654,0.13448506593416187,-0.09476546844874251,0.11165570781364331,-0.17979394849911046,0.18105769605791724,-0.2682543535009724,-0.1820710999933388,0.24576806044260008,-0.012275451721953518,0.3250658809292649,0.07143187632875075,0.04153282005637133,0.2668853613579542,-0.1484284977835599,0.007281576636722108,-0.34790089632087773,-0.05535858842551165,-0.00412811564627738,0.05053034735052963,0.3428218917098368,0.2854427641926293,-0.17131993385807173,-0.10805501884484514,-0.3804782059432111,-0.0368462458113236,0.334415736509326,-0.026069673703146362,0.00036778287638570157,-0.21118579498707807,-0.13775686516506971,0.06524790530488948,-0.16269502769587016,-0.00669771592161798,0.0,-0.12060767669596684,-0.11683460027858325,0.05246044941507764,-0.09274644982642007,-0.22119077699164014,-0.13887507880579367,0.02927270056705606,-0.06850177415824779,0.04708036473746335,-0.24257005748146557
115,0.2729439295289211,0.06871535378064954,-0.003464898228463153,0.19651462324735033,-0.0206332504687739,-0.1784185428999079,0.0902419043398168,-0.020313293581417334,-0.1734710372351669,-0.09880384396234078,0.029887636615377914,0.0839532377800646,0.10456081732090275,-0.15206925575778144,0.006546368125175201,-0.011258470588607735,-0.03288334689011564,0.045690487200441096,-0.0032176336141699446,-0.02700629485931814,-0.008098334535562532,-0.17277150923186455,0.06552955230623117,0.1193455069046757,0.03565725216858779,-0.17185498433532795,0.23267402283373345,-0.048454530619296096,-0.1370602603864241,0.036701414243569916,0.11529456467110406,-0.1744551082384987,-0.13237027758440004,0.19932910710329863,-0.14815699822939293,-0.12136674318108032,0.19304771771545368,-0.42528172875894543,-0.37144281194714274,0.10994419223194324,0.028683763883367762,0.1529482632320924,-0.0771747285431319,0.003538039977700229,-0.04707711316213836,0.10332426987894239,-0.11541112828939525,-0.041309212090983496,-0.1058057804975663,-0.15112027796920732,-0.11499975725004266,-0.25934043204728346,-0.03893640159112822,-0.0495022637357685,-0.00733557019581395,0.0021416696134307425,0.09509927060543379,-0.04538769650448583,0.005943376868894036,0.007612490930357829,-0.017908849937825978,-0.15445414220492956,-0.17444133020037544,-0.1594934483450234,0.13749989327484716,0.14321373165724466,0.09330325582741171,0.21326050780398462,-0.17217971779560862,-0.0801573481743817,0.19825811702088075,-0.25478379111167637,0.038991211195567636,-0.21145113969631696,0.000312516635780859,0.23631858864454447,-0.12060767669596684,0.0,0.20151394426509428,0.1319877064737785,-0.13864132588618974,-0.08307527073009335,-0.1286657378384971,-0.04637851415908277,0.10195882343803414,0.05211802716610607,0.005192624757030031
116,0.03662370201995744,0.19899089732601877,0.10359694252164736,-0.03838993029552542,0.053704841565777234,-0.20497057961085496,-0.1298860366495884,-0.15464647698015094,-0.09880907454369313,0.014604247737330931,0.05134426811220305,0.04663819695981889,0.3700136721343275,-0.16073746828216934,0.04778218489509024,0.12404172167329981,-0.12314476376514567,-0.1255948020409091,-0.019707037992545844,0.2192391663624112,-0.23601380373898911,0.06229290032782833,-0.04890534854293277,-0.17203825248855506,-0.18822853758122268,0.01579909252727117,0.009483407226758557,-0.30141443719403815,-0.1207925418922062,0.05030456483386886,-0.09185960175891349,-0.19184685719225267,-0.05944404869184666,0.265738106252438,-0.1612622527732214,0.18434358144608035,-0.008406027838437627,-0.3043732227805387,-0.20376416469979194,-0.168905724966522,0.14616291112393986,-0.010984548647459135,0.04187209184408423,-0.09782064312796934,0.028581730403931194,0.21595762137107724,0.014768356075045758,-0.0947948200163965,0.10000212716737016,-0.0504015522392781,-0.1987719856906253,-0.24425137056744076,-0.0386490083645844,-0.11161316392375341,-0.07423566810941565,-0.20782976571810413,-0.029873873835355478,0.02313446729955395,0.06455214161835672,-0.2241346171856837,0.20472761967337705,-0.02218322520897939,-0.028598797257798698,-0.2042187140698399,0.2204916906419729,0.02201924958556044,0.13821092731876394,0.0013413992083391032,-0.22508133215769746,-0.02816333921146114,0.11627738776745143,-0.10030258058779407,0.19383523940604758,-0.16111878118939743,0.07582884702667152,0.2254094084313885,-0.11683460027858325,0.20151394426509428,0.0,-0.049302652680712294,0.05458715220089035,0.1464756386265256,0.07140124029301884,-0.03346344439290911,-0.04204129812088191,0.05342210654201192,0.10184419383226292
117,-0.036903755591944205,-0.17881734717384423,-0.16090022066993845,0.017228376029957124,-0.12708308500358903,-0.06835113829443847,0.04434950712747393,0.07313611566071293,-0.19483231324580175,-0.21480301169154578,-0.22573767488009117,0.04007941819215958,0.15897848589140823,0.1098527133816521,-0.0938884470526668,-0.004747387243707145,0.09621618443961058,0.08844400387284217,-0.15445004529225473,-0.1959214864285866,-0.015377163226008258,-0.09426831044985755,0.0791325928360893,0.08585573378407323,-0.02228184972091395,-0.012640520520112412,0.4282263979697621,0.05000150534073994,-0.011777875852454876,-0.04873738426625325,0.04444585801292339,0.07657834547163253,0.051167266861190976,-0.20796599504272675,-0.054459134204827474,0.12975528192062566,0.11998894294265311,0.0034213504408641708,0.0706951249869568,-0.09682665542762856,-0.15504648373163632,-0.028259976339078844,0.009909489255118049,-0.07598893026091111,-0.002351560466044678,0.006252986290432347,-0.15370935109585646,0.14488399929691786,0.21957270384253216,-0.3559465153759829,-0.33229019246890945,-0.04366132059376981,0.2698796735532956,0.07337495111462634,0.22903198680259937,-0.14678791946948838,0.02362360894463293,-0.14567322645681352,-0.2768513951225703,-0.19664371577275108,0.13832773136408363,-0.2805832993072939,-0.07708538830584863,0.1849845927221303,0.07360973936587163,-0.05002147319630081,0.10059993140892326,0.0398649364949972,-0.16333206233887212,-0.20082759631714078,-0.03971878839812617,-0.07921618889369178,-0.08157354793609811,-0.22291693279524705,-0.2113469239638749,0.025047773651264878,0.05246044941507764,0.1319877064737785,-0.049302652680712294,0.0,0.1825613847353254,-0.02122626573731043,-0.015074505668907213,0.01495801869910824,-0.04594304223412747,0.06962052903361232,0.021357315783876694
118,-0.31941640604636445,0.13016937619104743,-0.1751915303670937,-0.3070727597860383,-0.08448720320724452,0.0569814131547258,-0.1541442471764558,0.08069988937577283,-0.0796610148609421,-0.13341291009019857,-0.023336808326665574,-0.18004530698859952,0.1435772275834278,0.026608385360215536,-0.0890766609050426,0.03678036818757394,0.20409022366664903,0.08091456262618994,-0.1204739926973266,-0.15284602245653703,0.09120113439025829,-0.175829074515712,-0.043033985851217885,-0.029208848537683584,0.08331241496601076,-0.21008099795399712,0.07627807532631954,-0.11532498032577615,-0.20115725189385691,-0.21791927651755963,-0.06464756996234128,0.17886846851530497,0.22973817518926462,0.056281212567562716,-0.021540922217765143,0.2120770478320564,-0.07598451412539467,0.025216161046704006,0.0901026218742188,0.2893055503729191,0.2739356666506103,-0.05157216613073597,-0.10034409868484231,-0.06984365836301831,0.13648170041254984,-0.05782598522418251,-0.09108675322001368,-0.19247392225925022,0.1981027271473518,0.010681241252672788,-0.22626899205797163,0.14839472580815966,0.015773510779009375,0.019056170729095198,0.03983805603307658,-0.11130695039848992,0.05412736853093082,-0.1433204719385611,-0.04213839833285354,0.1465448052285257,-0.14010481695599317,-0.22940870528882126,-0.09675800513123314,0.06254267439309956,-0.18481988709955877,0.012231134191447725,0.10219885511070262,-0.021585303021307404,0.10142541661129771,-0.16575636438101096,-0.055095195578500254,0.019969131680409983,0.1827655125388123,-0.2739572293895577,-0.14674166405259467,-0.16923762115049623,-0.09274644982642007,-0.13864132588618974,0.05458715220089035,0.1825613847353254,0.0,-0.011676221753623983,0.2931206931341651,0.05998048422734946,-0.16254572514780438,-0.23319841888432663,0.11672008404070444
119,0.14017787178665767,0.1632934697352851,-0.16775940356327596,0.17467325090694172,0.091064340675186,0.14007030157523206,-0.14965907842828574,-0.27201482017318007,-0.0220830812700674,-0.22333115826426905,0.11402387924835063,-0.12291320972397866,-0.2586852657715145,-0.06160226467407257,-0.038751928307367324,-0.004823791429949612,-0.1356206129601654,0.07744388076772356,-0.16730670683982152,-0.11633813064344456,0.08800373938593027,0.09115226042035206,0.22818765840652733,-0.03393756495325812,-0.12631440759870688,-0.047742686569975275,-0.057899487627163626,-0.2785241943302746,-0.038605456437747515,-0.07395477066952477,-0.22243262970693023,-0.13757572868455942,-0.2439228827361067,-0.13915107528222734,-0.3439521324231273,0.17341592488020027,-0.01797221226512835,-0.2624740602806837,0.05837083911830103,-0.05733505844802581,0.07643684465451905,0.09940760598445171,-0.07387586988054244,-0.20029049327510792,0.10861337518672569,-0.2653926878149826,-0.04823860214905239,-0.2697858943478778,0.006169795871204122,-0.04704591723282566,-0.05131504638051283,-0.12417391936418538,-0.17392568918263135,-0.19206475969860448,0.02369155715081445,-0.12558185966999785,-0.017049683876115666,-0.059111149400897345,0.48090734388297285,-0.1365297316911071,0.010827652958411555,-0.0103561002269117,-0.11338237143062123,-0.16780462091419404,0.07892341770098503,0.387733821256612,0.14907202208523465,0.0789906053278252,-0.31137367630120666,-0.16247391056680005,-0.047204124526909676,0.20626412855588358,0.24282325852940198,-0.16270586591399727,0.3377856480316868,-0.04471384718216857,-0.22119077699164014,-0.08307527073009335,0.1464756386265256,-0.02122626573731043,-0.011676221753623983,0.0,0.15689934069190253,-0.17861185590581669,0.24899538976949395,0.3440934138901007,0.357865339558047
120,-0.2257219953762666,0.10478124455676201,0.05229422540151366,-0.057376901280659386,-0.1281523031343303,-0.09448865086087437,-0.020015476785514536,-0.06291809707034274,-0.012004415596913474,-0.18113366306602932,-0.11832516153046663,-0.08195413593393715,0.0337386785520708,0.05981793153885044,0.1691874093341057,-0.13372934741977435,-0.09179733150612848,-0.1361539743093158,-0.08081587780188708,-0.14668509434033164,0.2228546246137738,-0.03492845706773849,-0.04526356519340812,-0.09004088886688599,0.022564612762761553,0.019101334960352545,0.17017841698388336,-0.152376657874436,-0.0782125698064136,0.06090623088526255,-0.30116170122321545,-0.10920536202887221,-0.10065554795876928,0.021861249206864122,-0.0741858341287984,-0.11709107393485033,0.07145011641338546,-0.15132829270581935,-0.02376921655890098,0.22374724724006906,0.05472707858239615,0.013536421588350766,0.13070952386205578,-0.008762810675630322,-0.1564494928807524,-0.0655139879369923,0.018526437321871793,-0.18202944126840429,0.18019389237638725,-0.10103325412054434,-0.004124394425657443,0.07322026302016105,0.09542960484479288,-0.19828091855399813,-0.19025076129340535,-0.27562035970221016,0.17201129303645818,-0.13637014237558517,0.028156186338208232,0.011633513180324002,-0.061803164270404894,0.06646968058511465,-0.1953303415732962,-0.196858624484804,-0.024614163622802793,0.031628140909178606,0.06569430866136663,-0.12124438011430762,-0.26585263140605925,-0.07384729993279317,0.09449868011494313,0.16871376690047077,0.021250171139312046,0.009646607218674141,0.08510893798339048,-0.07650591668323536,-0.13887507880579367,-0.1286657378384971,0.07140124029301884,-0.015074505668907213,0.2931206931341651,0.15689934069190253,0.0,-0.048542362144269914,0.09002024264473134,0.1088068335699848,0.02629294189296238
121,0.2772205885824999,0.2161730841491417,0.1777093975781096,-0.1686469890401295,-0.13599537716231622,-0.09057149693954118,-0.2885927504754786,0.3929539502168553,-0.08821092444669922,-0.12253249784690766,-0.17267443515255151,0.431472221539233,0.09234786343726403,-0.1380744541893295,-0.16995104051842555,0.10464409407723396,0.22910191598408258,-0.005630200994851573,-0.10611024319183586,0.10906046557360831,-0.09341224997285312,0.11039643945417991,0.0956590911534868,-0.14956877746871552,-0.06682497489427147,0.06386791582375655,-0.11886499707352452,-0.2157038190581495,0.049743953081771305,0.07430018556647784,-0.12333356069317246,0.02814968955842845,0.028231266638952646,0.1729290096142926,-0.17617696790147921,-0.01250078912301337,0.020888376529760676,-0.08918342244222797,-0.15008270272853957,0.0946039425546329,0.02568341092528441,-0.04574651403572429,-0.06671362113882463,0.13764003132652156,0.13808918910674112,0.16521438922277393,0.18762053494398773,-0.019267302615698267,-0.2245554485862724,0.04108589600927249,-0.06854016877451509,-0.17090024653552296,0.11787657522466562,-0.11573034132438448,0.11671738563364065,-0.1045902471848891,-0.20332287891329334,0.16582419077158334,-0.09904906372196293,0.1360334386999003,-0.2014027355330064,0.09530920102780166,-0.12434953850194769,0.04699690533112872,-0.037286683232995145,-0.060406831528127286,-0.3198622212331365,-0.1566780679581248,0.0037974830430228894,-0.008892428642084704,0.10193343553069446,0.012305433166228865,-0.027822757055265317,-0.10087364369832508,-0.2712534275950984,0.17627898887335774,0.02927270056705606,-0.04637851415908277,-0.03346344439290911,0.01495801869910824,0.05998048422734946,-0.17861185590581669,-0.048542362144269914,0.0,-0.07974099001333203,-0.07293431110612059,0.27381430823451036
123,0.0344713632758489,0.29946465154052754,-0.08817006018531212,0.14561778016488916,0.06219546242354351,-0.020888318201248306,0.14704458894029449,0.011850337379523443,-0.14502870131865364,0.03836775510620842,0.14656710879760196,-0.0274177569201934,-0.08653963292190028,-0.15354215477517225,0.16996185234279534,-0.29996409926134093,-0.1714647679828944,0.06656264815522768,-0.18737105665279088,-0.043822146484467035,0.2060972787027834,-0.08548416887450166,0.06735851537742617,-0.10032017483179502,-0.03364371051116494,0.18886039617980033,-0.019207388770775404,-0.15221269937340545,-0.15376049462078556,-0.0744001966350315,0.06871252040273249,-0.1700399241356919,-0.2834042939394955,-0.014319698559081393,-0.11123144641445538,-0.01758863832064942,0.17614686059116808,-0.3424967235139035,0.07051352234898065,-0.003920853733482471,-0.05016927938735237,0.2716364314689004,-0.10943461325710506,0.009896485570588571,0.23808204866395546,-0.21334631063476922,0.09247156995901272,-0.06269901282187736,0.09304664538308006,-0.17954605546793512,-0.01933069825906259,-0.040693818656077435,-0.25723854852696443,0.10612258845317621,-0.23900335913270188,0.044668339862056435,0.0410894838868166,-0.039469425910643986,0.139063486432005,0.038172168238009764,-0.26594226076873473,-0.08771093435316885,0.004352418568978038,-0.18211132975596248,-0.025285286313512886,0.23588971214661864,0.06340755369860138,0.0687624072023591,-0.30308803195757394,-0.16455160272511096,0.16791611892784178,0.23020288463128907,-0.29090038308015354,-0.03546497817116546,-0.08302084023376304,-0.09016921845055494,-0.06850177415824779,0.10195882343803414,-0.04204129812088191,-0.04594304223412747,-0.16254572514780438,0.24899538976949395,0.09002024264473134,-0.07974099001333203,0.0,0.06885420750268535,-0.012896560085023155
125,0.08792294535003217,-0.21004964577512833,0.040798400880465276,0.2108083424864589,-0.1747187002847151,0.16289390515352314,-0.014174937743984928,-0.2080496936012132,-0.08971228465011839,0.0010119494796846313,-0.16440820196550823,0.14424933243006924,-0.0205085183361196,-0.001946569760817146,-0.06811929475908483,0.12709074176068402,-0.04907051374835139,0.17138479677315183,0.04824317024302165,-0.039541828691441086,0.11871893622379873,0.1436632915810513,0.09498835474478731,-0.10552268822347781,-0.08232111360798879,9.291955950673437e-05,-0.09152434656992559,-0.13267485157505796,-0.13355546288604137,-0.1491722105098052,-0.04200829645791887,-0.1083138918129974,-0.22412859132540883,-0.0539061717676935,-0.19654684885779786,0.08386933719132543,-0.10895896764342544,-0.09209267256442832,-0.05243859674751302,-0.24712080836590958,-0.14366493209757036,-0.04082502221420308,-0.053343615505142515,-0.06603545187054888,-0.11347230562053354,-0.034972256631778234,-0.2587819245940617,-0.16690174636124924,-0.09203943690577134,-0.05423303753291046,0.03233783546055822,0.08852893177917567,-0.021528729787078246,-0.12469709302991537,0.05694221846702388,-0.12757937835773475,-0.1789146569500513,-0.12043713751616011,0.15862862904990033,-0.1057782325617223,0.22909831687503956,-0.007238369340284565,-0.17706396823017317,-0.11990993234502179,0.08236277282350415,0.09037842475443324,0.005167274384200753,0.05376809586222191,-0.12196149220558936,-0.1512153190603645,-0.17926146755868896,0.07871853256148378,-0.03218906735362955,-0.10978070038689364,0.34529865283934286,0.07278733315763578,0.04708036473746335,0.05211802716610607,0.05342210654201192,0.06962052903361232,-0.23319841888432663,0.3440934138901007,0.1088068335699848,-0.07293431110612059,0.06885420750268535,0.0,0.16408039193306376
126,0.2435931262927001,0.07572964409463469,-0.0552385962389007,-0.03069062388132945,-0.26883241218375725,0.11126172582964375,-0.269221675300509,-0.014411713803556749,-2.2983575206941878e-05,-0.06692052237389211,0.07836291104381024,0.2272197519628375,0.01859096545751496,-0.009399430164182201,-0.20108426120763065,0.008361043523140248,0.14307504216544495,0.06042521382658848,-0.1827144463184553,-0.08890283799932532,0.08433791953566573,0.1293683059585729,0.14034072922971866,0.05429019488429809,-0.23874004787039416,-0.1690015536412305,-0.12256867704002991,-0.3464832644246144,-0.3265253957774663,-0.20283651156356508,-0.18969710356546413,-0.11308385908215161,-0.09770757831439246,0.12030970695881134,-0.43880260601150206,0.14129635414398625,0.16124164684298647,-0.22065561036396292,0.0397312490639007,-0.02864025792711543,0.09870036240474724,-0.10659312139144002,-0.2535819012567957,-0.203499930503676,0.10887019486109224,-0.06713147368751456,0.06458017111975377,-0.35102730450369657,0.1406476699813137,0.18803236741390986,-0.019080586897984517,-0.0018963635227895641,-0.054874223588295516,-0.03685158973051739,0.09768697995696211,-0.2089143997264762,-0.10139556143697627,-0.14670617808420042,0.30832314814054546,0.11079578189162288,-0.2393812701266741,-0.030405788696854903,-0.3646995074476972,-0.12400469275797558,-0.12176333230967552,0.1908654360185364,-0.06763431337653973,0.03353079029850429,-0.1039151906923565,-0.11647761123294877,0.032362936600053356,0.2641988655974484,0.16889256846578005,-0.3203254414596048,0.26513985748550917,0.08924065296268256,-0.24257005748146557,0.005192624757030031,0.10184419383226292,0.021357315783876694,0.11672008404070444,0.357865339558047,0.02629294189296238,0.27381430823451036,-0.012896560085023155,0.16408039193306376,0.0
